Date,SNL Natural Gas NoCal Border Malin Spot Natural Gas Index (Price/Value),SNL Natural Gas NW Stanfield OR Spot Natural Gas Index (Price/Value),SNL Natural Gas NW Sumas Spot Natural Gas Index (Price/Value),SNL Natural Gas PG&E Gate Spot Natural Gas Index (Price/Value),SNL Natural Gas PG&E South Spot Natural Gas Index (Price/Value),SNL Natural Gas SoCal Border Spot Natural Gas Index (Price/Value),SNL Natural Gas SoCal Citygate Spot Natural Gas Index (Price/Value),SNL Natural Gas West Coast Sta 2 Spot Natural Gas Index (Price/Value)
12/8/2015,2.13,1.91,1.875,2.589,2.214,2.21,2.404,1.296
12/9/2015,2.024,1.87,1.826,2.505,2,2.012,2.127,0.756
12/10/2015,2.119,2,1.924,2.571,2.17,2.171,2.347,0.951
12/11/2015,2.112,2.015,1.97,2.498,2.17,2.148,2.335,0.996
12/14/2015,1.893,1.96,1.905,2.46,1.99,1.913,2.098,0.787
12/15/2015,2.076,2.02,2.02,2.44,1.893,2.053,2.284,0.949
12/16/2015,2.2,2.123,2.097,2.47,1.935,1.961,2.344,0.949
12/17/2015,2.2,2.105,2.13,2.442,2.204,2.323,2.378,0.908
12/18/2015,2.04,1.99,1.99,2.441,1.97,2.278,2.357,0.933
12/21/2015,1.97,1.963,1.986,2.431,1.911,1.975,2.302,0.909
12/22/2015,2.12,2.034,2.026,2.504,2.185,2.174,2.406,0.976
12/23/2015,2.072,2.023,2.039,2.455,2.023,2.03,2.476,0.977
12/24/2015,2.118,2.08,2.085,2.473,1.998,2.091,2.506,0.836
12/28/2015,2.393,2.337,2.13,2.542,2.1,2.278,2.576,0.824
12/29/2015,2.745,2.69,2.665,2.782,2.65,2.964,2.813,1.083
12/30/2015,2.917,2.86,2.914,2.955,2.8,3.006,3.017,1.307
12/31/2015,2.653,2.653,2.657,2.793,2.64,2.648,2.744,1.308
1/4/2016,2.588,2.591,2.595,2.836,2.565,2.585,2.713,1.239
1/5/2016,2.559,2.474,2.523,2.847,2.616,2.629,2.673,1.282
1/6/2016,2.487,2.52,2.59,2.763,2.5,2.511,2.698,1.255
1/7/2016,2.485,2.515,2.533,2.83,2.55,2.569,2.711,1.331
1/8/2016,2.506,2.482,2.485,2.791,2.5,2.518,2.72,1.385
1/11/2016,2.617,2.517,2.548,2.829,2.63,2.666,2.801,1.398
1/12/2016,2.495,2.49,2.485,2.828,2.57,2.571,2.76,1.414
1/13/2016,2.342,2.35,2.31,2.653,2.376,2.382,2.621,1.511
1/14/2016,2.277,2.26,2.21,2.556,2.3,2.313,2.517,1.689
1/15/2016,2.206,2.21,2.216,2.527,2.28,2.28,2.458,1.224
1/19/2016,2.224,2.2,2.187,2.446,2.23,2.228,2.348,1.277
1/20/2016,2.177,2.135,2.138,2.466,2.2,2.271,2.386,1.284
1/21/2016,2.12,2.06,2.032,2.459,2.206,2.218,2.375,1.229
1/22/2016,2.111,2.05,2.066,2.491,2.17,2.207,2.422,1.369
1/25/2016,2.07,2.03,2.042,2.474,2.125,2.177,2.438,1.339
1/26/2016,2.147,2.05,2.042,2.464,2.239,2.232,2.411,1.312
1/27/2016,2.155,2.061,2.047,2.523,2.3,2.294,2.482,1.29
1/28/2016,2.13,2.037,2.022,2.459,2.27,2.274,2.43,1.325
1/29/2016,2.008,1.95,1.944,2.341,2.09,2.106,2.251,1.179
2/1/2016,2.258,2.18,2.115,2.504,2.3,2.267,2.503,1.116
2/2/2016,2.176,2.087,2.054,2.397,2.25,2.256,2.399,1.147
2/3/2016,2.041,2.005,1.954,2.278,2.098,2.094,2.247,1.191
2/4/2016,2.049,1.982,1.971,2.272,2.11,2.122,2.291,1.177
2/5/2016,1.989,1.938,1.9,2.231,2.02,2.065,2.225,1.155
2/8/2016,1.962,1.91,1.894,2.195,2.03,2.031,2.179,1.154
2/9/2016,2.078,1.98,1.944,2.268,2.12,2.116,2.296,1.162
2/10/2016,1.998,1.919,1.891,2.209,2.06,2.052,2.217,1.145
2/11/2016,1.933,1.8,1.79,2.161,2,1.997,2.16,1.137
2/12/2016,1.897,1.82,1.648,2.149,1.975,1.95,2.163,1.099
2/16/2016,1.773,1.66,1.462,2.042,1.86,1.829,1.844,0.886
2/17/2016,1.675,1.63,1.495,2.006,1.71,1.7,1.892,1.001
2/18/2016,1.665,1.591,1.509,2.001,1.72,1.725,1.91,1.054
2/19/2016,1.647,1.55,1.47,2.018,1.71,1.695,1.897,0.993
2/22/2016,1.615,1.563,1.521,1.98,1.646,1.631,1.82,1.001
2/23/2016,1.643,1.6,1.534,1.982,1.7,1.7,1.865,0.839
2/24/2016,1.653,1.601,1.548,1.987,1.725,1.72,1.88,0.987
2/25/2016,1.636,1.58,1.483,1.945,1.7,1.7,1.87,0.875
2/26/2016,1.58,1.51,1.42,1.902,1.63,1.63,1.802,0.775
2/29/2016,1.477,1.4,1.334,1.856,1.5,1.529,1.576,0.736
3/1/2016,1.449,1.36,1.32,1.793,1.49,1.49,1.67,0.719
3/2/2016,1.456,1.37,1.361,1.771,1.49,1.484,1.64,0.626
3/3/2016,1.515,1.41,1.42,1.776,1.49,1.547,1.708,0.668
3/4/2016,1.465,1.35,1.36,1.766,1.49,1.47,1.681,0.713
3/7/2016,1.353,1.22,1.202,1.728,1.34,1.393,1.36,0.609
3/8/2016,1.474,1.34,1.355,1.814,1.497,1.518,1.68,0.876
3/9/2016,1.463,1.35,1.342,1.843,1.5,1.477,1.658,0.704
3/10/2016,1.496,1.342,1.344,1.867,1.505,1.5,1.666,0.722
3/11/2016,1.54,1.379,1.329,1.897,1.55,1.55,1.715,0.76
3/14/2016,1.558,1.374,1.321,1.916,1.547,1.554,1.7,0.794
3/15/2016,1.59,1.42,1.377,1.953,1.57,1.592,1.759,0.791
3/16/2016,1.627,1.508,1.501,1.986,1.67,1.656,1.827,0.782
3/17/2016,1.6,1.47,1.464,1.956,1.595,1.596,1.753,0.772
3/18/2016,1.653,1.53,1.551,1.993,1.675,1.671,1.839,0.423
3/21/2016,1.686,1.546,1.547,2.038,1.698,1.698,1.827,0.41
3/22/2016,1.634,1.44,1.43,2,1.67,1.68,1.852,0.896
3/23/2016,1.666,1.477,1.443,1.999,1.683,1.67,1.843,0.883
3/24/2016,1.651,1.46,1.465,2.008,1.68,1.68,1.859,0.869
3/28/2016,1.597,1.42,1.376,1.9,1.6,1.606,1.75,0.76
3/29/2016,1.612,1.485,1.431,1.887,1.603,1.592,1.777,0.775
3/30/2016,1.672,1.58,1.476,1.897,1.685,1.692,1.832,0.74
3/31/2016,1.759,1.675,1.598,1.95,1.812,1.8,1.988,0.6
4/1/2016,1.791,1.6,1.445,1.959,1.785,1.799,1.993,0.786
4/4/2016,1.632,1.443,1.255,1.85,1.68,1.68,1.832,0.735
4/5/2016,1.722,1.575,1.306,1.93,1.78,1.759,1.941,0.762
4/6/2016,1.761,1.56,1.308,1.924,1.79,1.8,1.976,0.716
4/7/2016,1.74,1.597,1.435,1.904,1.767,1.775,1.961,0.645
4/8/2016,1.763,1.57,1.305,1.927,1.8,1.805,1.977,0.727
4/11/2016,1.772,1.5,1.404,1.924,1.797,1.797,1.975,0.841
4/12/2016,1.72,1.52,1.309,1.891,1.77,1.767,1.958,0.648
4/13/2016,1.77,1.588,1.358,1.937,1.804,1.798,1.989,0.596
4/14/2016,1.78,1.6,1.496,1.971,1.821,1.811,1.98,0.684
4/15/2016,1.726,1.53,1.252,1.926,1.78,1.765,1.952,0.514
4/18/2016,1.606,1.441,1.177,1.841,1.633,1.628,1.813,0.619
4/19/2016,1.57,1.432,1.063,1.912,1.645,1.634,1.87,0.406
4/20/2016,1.782,1.642,1.07,2.006,1.835,1.815,2.002,0.813
4/21/2016,1.884,1.677,1.199,2.093,1.949,1.931,2.106,0.941
4/22/2016,1.794,1.6,1.16,2.032,1.85,1.831,2,0.898
4/25/2016,1.7,1.485,1.302,2.025,1.754,1.745,1.864,0.935
4/26/2016,1.834,1.65,1.306,2.091,1.889,1.883,2.073,0.735
4/27/2016,1.733,1.55,1.45,2.06,1.78,1.755,1.94,0.695
4/28/2016,1.74,1.547,1.5,2.03,1.778,1.772,1.99,0.891
4/29/2016,1.76,1.58,1.407,1.982,1.797,1.801,1.954,0.939
5/2/2016,1.754,1.56,1.185,1.966,1.796,1.792,1.9,0.883
5/3/2016,1.792,1.62,1.26,2.016,1.852,1.835,2.029,0.888
5/4/2016,1.909,1.8,1.395,2.058,1.944,1.942,2.111,0.955
5/5/2016,1.969,1.83,1.45,2.128,1.978,1.997,2.16,1.085
5/6/2016,1.933,1.75,1.43,2.109,1.995,1.982,2.166,1.037
5/9/2016,1.696,1.57,1.27,1.963,1.76,1.728,1.864,0.781
5/10/2016,1.961,1.801,1.553,2.114,1.96,1.976,2.135,0.571
5/11/2016,1.946,1.8,1.565,2.168,1.99,1.989,2.121,0.823
5/12/2016,1.951,1.79,1.55,2.122,1.975,1.965,2.137,0.879
5/13/2016,1.952,1.81,1.06,2.131,1.976,1.977,2.14,0.823
5/16/2016,1.777,1.64,1.23,1.948,1.813,1.804,1.871,0.742
5/17/2016,1.776,1.63,1.536,1.981,1.837,1.847,2.036,0.762
5/18/2016,1.794,1.66,1.656,1.973,1.857,1.844,2.03,0.612
5/19/2016,1.767,1.55,1.405,1.936,1.81,1.806,1.98,0.69
5/20/2016,1.67,1.5,1.425,1.834,1.7,1.707,1.891,0.605
5/23/2016,1.66,1.55,1.4,1.779,1.619,1.603,1.768,0.747
5/24/2016,1.84,1.7,1.62,1.988,1.855,1.85,2.036,0.922
5/25/2016,1.778,1.65,1.519,1.939,1.797,1.815,1.989,0.523
5/26/2016,1.668,1.5,1.337,1.821,1.677,1.685,1.851,0.69
5/27/2016,1.605,1.48,1.18,1.732,1.63,1.63,1.816,0.745
5/31/2016,1.648,1.61,1.3,1.763,1.66,1.66,1.855,0.799
6/1/2016,2.074,1.95,1.719,2.273,2.05,2.105,2.124,0.865
6/2/2016,2.21,2.11,1.875,2.381,2.21,2.25,2.388,1.213
6/3/2016,2.23,2.11,1.9,2.423,2.25,2.283,2.417,1.203
6/6/2016,2.137,1.99,1.637,2.36,2.19,2.19,2.367,1.245
6/7/2016,2.159,2.02,1.67,2.366,2.222,2.216,2.365,1.325
6/8/2016,2.123,2,1.65,2.352,2.191,2.184,2.36,1.357
6/9/2016,2.174,2.04,1.59,2.369,2.23,2.224,2.417,1.287
6/10/2016,2.14,1.96,1.33,2.338,2.18,2.18,2.366,1.049
6/13/2016,2.19,2.102,1.282,2.37,2.19,2.205,2.33,1.011
6/14/2016,2.26,2.074,1.46,2.451,2.308,2.292,2.499,1.319
6/15/2016,2.245,2.1,1.66,2.467,2.3,2.287,2.449,1.307
6/16/2016,2.314,2.14,1.81,2.513,2.357,2.353,2.529,1.4
6/17/2016,2.364,2.21,1.87,2.549,2.429,2.392,2.598,1.427
6/20/2016,2.5,2.325,1.973,2.818,2.732,2.91,3.039,1.458
6/21/2016,2.666,2.529,2.512,2.986,2.85,2.875,3.168,0.859
6/22/2016,2.677,2.492,2.435,3.001,2.861,2.885,3.057,1.343
6/23/2016,2.671,2.503,2.439,3.024,2.85,2.833,2.989,1.451
6/24/2016,2.546,2.332,2.283,2.751,2.616,2.652,2.839,1.481
6/27/2016,2.516,2.404,2.375,2.755,2.627,2.652,2.923,1.637
6/28/2016,2.72,2.54,2.501,3.069,2.907,2.896,3.128,1.599
6/29/2016,2.72,2.55,2.475,3.158,2.99,3.018,3.151,1.658
6/30/2016,2.821,2.634,2.525,3.262,3.1,3.096,3.26,1.66
7/1/2016,2.657,2.55,2.49,3.256,2.806,2.819,2.93,1.567
7/5/2016,2.484,2.38,2.4,3.036,2.68,2.709,2.66,1.52
7/6/2016,2.456,2.3,2.107,2.985,2.57,2.577,2.611,1.782
7/7/2016,2.323,2.225,2.183,2.625,2.43,2.444,2.465,1.696
7/8/2016,2.492,2.362,2.198,2.691,2.56,2.594,2.6,1.69
7/11/2016,2.545,2.41,2.302,2.692,2.564,2.62,2.626,0.826
7/12/2016,2.751,2.616,2.359,2.939,2.77,2.787,2.758,1.723
7/13/2016,2.641,2.528,2.416,2.932,2.66,2.678,2.748,1.65
7/14/2016,2.705,2.56,2.262,3,2.72,2.743,2.852,1.69
7/15/2016,2.688,2.548,2.36,2.99,2.711,2.762,2.776,1.731
7/18/2016,2.501,2.404,2.281,2.86,2.59,2.551,2.608,1.669
7/19/2016,2.73,2.57,2.411,3.026,2.8,2.814,2.924,1.747
7/20/2016,2.714,2.549,2.459,3.042,2.767,2.82,2.914,1.663
7/21/2016,2.649,2.517,2.355,3,2.736,2.796,3.014,1.728
7/22/2016,2.624,2.5,2.33,3.028,2.726,2.901,3.045,1.761
7/25/2016,2.734,2.664,2.575,3.12,2.745,3.415,3.631,1.844
7/26/2016,2.737,2.58,2.56,3.129,2.81,2.972,3.083,1.88
7/27/2016,2.669,2.55,2.274,3.093,2.863,3.009,3.18,1.708
7/28/2016,2.724,2.64,2.35,3.143,2.792,3.227,3.444,1.745
7/29/2016,2.681,2.53,2.217,3.117,2.743,3.105,3.19,1.62
8/1/2016,2.767,2.644,2.31,3.264,2.81,2.948,3.041,1.742
8/2/2016,2.775,2.637,2.3,3.179,2.8,2.871,2.917,1.691
8/3/2016,2.673,2.573,2.28,3.142,2.71,2.81,2.837,1.644
8/4/2016,2.71,2.61,2.529,3.176,2.746,2.725,2.787,1.691
8/5/2016,2.764,2.706,2.651,3.21,2.808,2.86,2.873,1.916
8/8/2016,2.71,2.617,2.56,3.19,2.733,2.75,2.748,1.685
8/9/2016,2.71,2.6,2.582,3.165,2.825,2.87,2.96,1.64
8/10/2016,2.652,2.576,2.535,3.157,2.73,2.743,2.755,1.455
8/11/2016,2.607,2.53,2.496,3.12,2.68,2.696,2.75,1.182
8/12/2016,2.563,2.49,2.462,3.091,2.635,2.65,2.712,1.414
8/15/2016,2.631,2.54,2.484,3.149,2.69,2.903,3.007,1.451
8/16/2016,2.626,2.61,2.466,3.2,2.67,3.358,3.5,0.867
8/17/2016,2.574,2.53,2.416,3.16,2.642,3.158,3.368,0.808
8/18/2016,2.538,2.508,2.429,3.151,2.62,2.886,3.06,0.897
8/19/2016,2.537,2.49,2.433,3.18,2.61,2.706,2.784,0.548
8/22/2016,2.45,2.386,2.358,3.115,2.53,2.551,2.619,0.936
8/23/2016,2.939,2.529,2.416,3.164,2.675,2.843,2.922,1.721
8/24/2016,2.575,2.5,2.441,3.192,2.63,2.736,2.76,1.836
8/25/2016,2.684,2.6,2.53,3.241,2.74,2.72,2.775,1.943
8/26/2016,2.813,2.62,2.57,3.3,2.731,2.759,2.806,1.755
8/29/2016,2.639,2.6,2.509,3.262,2.647,2.711,2.657,1.727
8/30/2016,2.821,2.73,2.777,3.371,2.845,2.9,3.088,0.62
8/31/2016,2.915,2.782,2.776,3.418,2.88,2.98,3.072,0.549
9/1/2016,2.766,2.679,2.668,3.357,2.82,2.833,2.98,0.244
9/2/2016,2.737,2.643,2.638,3.365,2.8,2.811,2.88,0.6
9/6/2016,2.558,2.476,2.489,3.217,2.62,2.605,2.637,0.477
9/7/2016,2.648,2.54,2.544,3.27,2.7,2.757,2.9,1.26
9/8/2016,2.605,2.55,2.558,3.24,2.68,2.673,2.766,1.61
9/9/2016,2.647,2.577,2.571,3.272,2.66,2.689,2.764,1.604
9/12/2016,2.662,2.59,2.588,3.261,2.7,2.71,2.717,1.581
9/13/2016,2.751,2.65,2.663,3.332,2.78,2.838,2.872,1.257
9/14/2016,2.831,2.727,2.726,3.416,2.88,2.877,2.93,1.196
9/15/2016,2.81,2.7,2.716,3.417,2.898,2.919,2.931,1.654
9/16/2016,2.727,2.65,2.63,3.34,2.764,2.816,2.872,1.67
9/19/2016,2.714,2.605,2.613,3.317,2.75,2.732,2.764,1.507
9/20/2016,2.771,2.703,2.694,3.41,2.86,2.932,3.024,1.644
9/21/2016,2.936,2.84,2.833,3.508,2.95,2.94,3.051,1.632
9/22/2016,3.09,2.9,2.913,3.556,3.05,3.016,3.085,1.782
9/23/2016,2.938,2.85,2.85,3.549,2.989,3.04,3.025,1.742
9/26/2016,2.855,2.81,2.804,3.478,2.95,2.974,3.058,1.486
9/27/2016,3.01,2.86,2.786,3.547,2.98,3.046,3.238,2.087
9/28/2016,2.85,2.68,2.645,3.46,2.92,2.946,3.084,2.129
9/29/2016,2.733,2.65,2.61,3.415,2.8,2.832,2.992,2.043
9/30/2016,2.698,2.63,2.602,3.386,2.79,2.771,2.92,2.054
10/1/2016,NA,NA,NA,NA,NA,NA,NA,NA
10/3/2016,2.68,2.54,2.54,3.275,2.68,2.676,2.728,1.738
10/4/2016,2.638,2.515,2.53,3.258,2.67,2.696,2.865,1.639
10/5/2016,2.624,2.502,2.515,3.254,2.653,2.682,2.861,1.762
10/6/2016,2.651,2.57,2.576,3.295,2.713,2.718,2.899,1.823
10/7/2016,2.842,2.69,2.68,3.412,2.87,2.863,3.039,1.92
10/10/2016,2.734,2.61,2.8,3.361,2.78,2.778,2.961,1.862
10/11/2016,2.925,2.8,2.75,3.48,2.95,2.984,3.183,2.005
10/12/2016,2.86,2.75,2.725,3.44,2.86,2.868,3.051,2.178
10/13/2016,2.944,2.71,2.7,3.372,2.837,2.846,3.038,1.513
10/14/2016,2.737,2.63,2.61,3.253,2.81,2.812,2.987,0.918
10/17/2016,2.646,2.561,2.545,3.269,2.723,2.706,2.772,1.866
10/18/2016,2.845,2.666,2.684,3.359,2.84,2.823,3.045,0.966
10/19/2016,2.97,2.77,2.862,3.361,2.967,2.949,3.138,0.795
10/20/2016,3.039,2.846,2.787,3.246,2.91,3.028,3.269,1.628
10/21/2016,2.956,2.81,2.805,3.24,3.04,3.005,3.17,1.925
10/24/2016,2.711,2.6,2.6,3.097,2.73,2.699,2.882,1.925
10/25/2016,2.678,2.48,2.419,3.106,2.693,2.692,2.883,1.915
10/26/2016,2.597,2.497,2.458,3.072,2.62,2.609,2.822,1.909
10/27/2016,2.636,2.5,2.476,3.052,2.635,2.64,2.839,1.678
10/28/2016,2.621,2.48,2.456,3.138,2.66,2.675,2.858,1.696
10/31/2016,2.56,2.39,2.332,3.017,2.6,2.584,2.7,1.618
11/1/2016,2.464,2.317,1.986,3.009,2.61,2.588,2.789,1.239
11/2/2016,2.076,2.011,1.455,2.601,2.2,2.194,2.379,1.448
11/3/2016,2.048,1.95,1.935,2.584,2.04,1.957,2.171,1.288
11/4/2016,2.066,2.041,1.99,2.506,2.158,2.188,2.34,1.051
11/7/2016,1.968,1.873,1.856,2.428,1.95,1.908,2.182,1.012
11/8/2016,2.114,2.046,1.968,2.588,2.269,2.249,2.415,1.237
11/9/2016,2.082,2,1.945,2.62,2.203,2.185,2.422,1.187
11/10/2016,2.033,1.938,1.846,2.543,2.112,2.137,2.344,1.256
11/11/2016,1.892,1.87,1.81,2.405,1.975,1.97,2.193,1.172
11/14/2016,1.789,1.763,1.66,2.253,1.86,1.819,1.983,1.1
11/15/2016,2.109,2.037,1.989,2.823,2.214,2.199,2.438,1.631
11/16/2016,2.267,2.25,2.191,2.945,2.3,2.286,2.529,1.734
11/17/2016,2.41,2.339,2.378,2.929,2.49,2.48,2.659,1.968
11/18/2016,2.188,2.142,2.175,2.783,2.253,2.3,2.461,1.757
11/21/2016,2.272,2.214,2.21,2.824,2.4,2.337,2.578,1.483
11/22/2016,2.707,2.6,2.548,3.298,2.795,2.797,2.964,1.435
11/23/2016,2.649,2.57,2.519,3.247,2.67,2.72,2.942,1.641
11/28/2016,2.582,2.47,2.471,3.166,2.6,2.633,2.78,1.427
11/29/2016,2.975,2.85,2.868,3.581,3.05,3.178,3.408,1.895
11/30/2016,3.022,2.931,2.93,3.619,3.17,3.148,3.338,1.633
12/1/2016,3.201,3.063,3.068,3.594,3.2,3.301,3.49,1.561
12/2/2016,3.291,3.2,3.18,3.693,3.41,3.38,3.629,1.695
12/5/2016,3.213,3.148,3.204,3.631,3.37,3.308,3.452,1.63
12/6/2016,3.56,3.58,3.545,3.799,3.57,3.619,3.864,1.961
12/7/2016,3.634,3.67,3.632,3.838,3.63,3.794,3.808,1.982
12/8/2016,3.643,3.63,3.631,3.794,3.66,3.751,3.848,2.098
12/9/2016,3.54,3.504,3.562,3.689,3.55,3.594,3.715,2.119
12/12/2016,3.682,3.715,4.51,3.836,3.67,3.697,3.721,3.024
12/13/2016,3.535,3.538,5.409,3.684,3.5,3.579,3.744,2.078
12/14/2016,3.54,3.494,4.438,3.703,3.55,3.583,3.743,2.308
12/15/2016,3.449,3.475,3.935,3.648,3.501,3.508,3.655,2.416
12/16/2016,3.505,3.48,3.917,3.682,3.53,3.56,3.714,2.569
12/19/2016,3.592,3.664,3.66,3.684,3.55,3.784,3.946,2.483
12/20/2016,3.553,3.45,3.459,3.712,3.6,3.685,3.842,2.046
12/21/2016,3.271,3.25,3.337,3.605,3.32,3.411,3.575,1.767
12/22/2016,3.342,3.4,3.48,3.725,3.41,3.357,3.537,1.677
12/23/2016,3.427,3.462,3.607,3.768,3.46,3.473,3.628,2.018
12/27/2016,3.525,3.52,3.69,3.856,3.564,3.557,3.749,2.038
12/28/2016,3.595,3.553,4.033,3.874,3.59,3.608,3.733,2.267
12/29/2016,3.555,3.527,3.782,3.865,3.58,3.579,3.667,2.542
12/30/2016,3.593,3.59,4.6,3.976,3.54,3.578,3.653,2.364
1/3/2017,3.815,3.83,5.558,4.035,3.754,3.78,4.017,2.108
1/4/2017,3.424,3.519,3.982,3.654,3.4,3.451,3.751,1.993
1/5/2017,3.421,3.45,3.621,3.569,3.384,3.458,3.605,1.947
1/6/2017,3.288,3.279,3.271,3.466,3.27,3.34,3.455,1.947
1/9/2017,3.198,3.12,3.151,3.474,3.262,3.254,3.439,2.084
1/10/2017,3.045,2.99,2.99,3.345,3.04,3.052,3.313,1.529
1/11/2017,3.188,3.194,3.2,3.454,3.196,3.221,3.374,1.907
1/12/2017,3.283,3.274,3.406,3.539,3.248,3.287,3.5,2.058
1/13/2017,3.383,3.395,3.503,3.629,3.38,3.424,3.667,2.168
1/17/2017,3.376,3.37,3.38,3.663,3.4,3.418,3.626,2.083
1/18/2017,3.311,3.3,3.311,3.651,3.33,3.356,3.626,1.686
1/19/2017,3.187,3.18,3.189,3.62,3.25,3.269,3.6,1.894
1/20/2017,3.12,3.06,3.072,3.548,3.172,3.196,3.549,1.94
1/23/2017,3.114,3.09,3.125,3.561,3.14,3.162,3.552,1.834
1/24/2017,3.173,3.159,3.154,3.542,3.254,3.285,3.678,1.722
1/25/2017,3.285,3.299,3.36,3.626,3.314,3.432,3.746,1.873
1/26/2017,3.328,3.295,3.351,3.671,3.31,3.404,3.681,1.794
1/27/2017,3.397,3.308,3.357,3.757,3.41,3.457,3.695,2.061
1/30/2017,3.144,3.11,3.13,3.618,3.25,3.222,3.387,1.695
1/31/2017,2.979,2.98,2.918,3.547,3.118,3.099,3.513,1.783
2/1/2017,2.906,2.88,2.962,3.446,2.96,2.98,3.295,1.834
2/2/2017,2.968,2.933,2.931,3.492,3,3.019,3.29,1.964
2/3/2017,2.885,2.858,2.844,3.43,2.94,2.932,3.228,1.804
2/6/2017,2.81,2.772,2.748,3.369,2.87,2.846,3.021,1.706
2/7/2017,2.756,2.757,2.8,3.318,2.744,2.77,3.002,1.979
2/8/2017,2.898,2.89,2.898,3.447,2.92,2.921,3.171,1.977
2/9/2017,2.824,2.763,2.746,3.386,2.83,2.853,3.067,1.926
2/10/2017,2.919,2.78,2.74,3.44,2.919,2.934,3.225,1.865
2/13/2017,2.737,2.719,2.729,3.331,2.763,2.761,2.914,1.985
2/14/2017,2.754,2.71,2.686,3.305,2.78,2.803,3.107,1.736
2/15/2017,2.717,2.6,2.575,3.293,2.724,2.757,3.037,1.66
2/16/2017,2.751,2.607,2.591,3.301,2.67,2.788,3.06,1.88
2/17/2017,2.633,2.47,2.446,3.244,2.666,2.718,3.012,1.854
2/21/2017,2.476,2.4,2.336,3.189,2.575,2.608,2.93,1.725
2/22/2017,2.359,2.28,2.278,3.145,2.45,2.541,2.83,1.332
2/23/2017,2.342,2.31,2.298,3.058,2.443,2.473,2.82,1.499
2/24/2017,2.427,2.365,2.35,3.108,2.517,2.514,2.868,1.442
2/27/2017,2.375,2.365,2.35,3.043,2.525,2.487,2.859,1.288
2/28/2017,2.351,2.27,2.247,2.965,2.388,2.405,2.903,1.555
3/1/2017,2.446,2.383,2.331,3.016,2.45,2.479,2.78,1.689
3/2/2017,2.476,2.41,2.389,3.032,2.5,2.52,2.833,1.72
3/3/2017,2.457,2.35,2.333,3.027,2.5,2.462,2.772,1.66
3/6/2017,2.472,2.32,2.324,3.046,2.44,2.474,2.74,1.746
3/7/2017,2.554,2.52,2.51,3.165,2.54,2.591,2.897,1.907
3/8/2017,2.484,2.4,2.407,3.065,2.49,2.473,2.81,1.871
3/9/2017,2.572,2.523,2.527,3.149,2.55,2.604,2.907,1.921
3/10/2017,2.62,2.56,2.572,3.158,2.665,2.693,3.063,1.87
3/13/2017,2.705,2.6,2.516,3.224,2.741,2.723,2.728,1.897
3/14/2017,2.687,2.55,2.48,3.227,2.77,2.797,3.115,1.756
3/15/2017,2.673,2.52,2.233,3.193,2.767,2.764,2.85,1.763
3/16/2017,2.611,2.45,2.236,3.143,2.65,2.642,2.81,1.663
3/17/2017,2.516,2.35,2.25,3.064,2.52,2.512,2.797,1.627
3/20/2017,2.52,2.37,2.288,3.062,2.508,2.493,2.82,1.844
3/21/2017,2.618,2.55,2.407,3.169,2.62,2.74,3.009,1.913
3/22/2017,2.723,2.55,2.451,3.261,2.766,2.771,3.092,1.939
3/23/2017,2.657,2.5,2.406,3.188,2.7,2.718,3.08,1.865
3/24/2017,2.632,2.485,2.388,3.172,2.675,2.676,3.001,1.657
3/27/2017,2.636,2.48,2.425,3.176,2.64,2.645,2.859,1.729
3/28/2017,2.685,2.566,2.561,3.216,2.715,2.693,3.01,1.489
3/29/2017,2.611,2.47,2.468,3.147,2.68,2.65,2.928,1.373
3/30/2017,2.667,2.55,2.548,3.201,2.73,2.739,3.013,1.655
3/31/2017,2.665,2.53,2.52,3.207,2.72,2.7,3,1.787
4/3/2017,2.719,2.519,2.537,3.221,2.74,2.743,3.081,1.969
4/4/2017,2.78,2.63,2.61,3.242,2.76,2.783,3.164,1.815
4/5/2017,2.844,2.7,2.683,3.289,2.82,2.864,3.195,1.9
4/6/2017,2.959,2.82,2.743,3.385,2.93,3,3.337,1.876
4/7/2017,2.901,2.72,2.7,3.359,2.89,2.913,3.253,2.019
4/10/2017,2.834,2.75,2.752,3.373,2.9,2.854,3.198,1.586
4/11/2017,2.857,2.73,2.741,3.353,2.88,2.879,3.231,1.552
4/12/2017,2.805,2.71,2.681,3.308,2.84,2.84,3.198,1.548
4/13/2017,2.83,2.72,2.717,3.324,2.85,2.838,3.276,1.547
4/14/2017,2.827,2.65,2.649,3.339,2.85,2.813,3.168,1.59
4/17/2017,2.827,2.65,2.649,3.339,2.85,2.813,3.168,1.584
4/18/2017,2.825,2.63,2.631,3.349,2.86,2.827,3.186,1.955
4/19/2017,2.808,2.636,2.548,3.367,2.85,2.812,3.16,1.897
4/20/2017,2.849,2.674,2.64,3.354,2.89,2.863,3.188,1.958
4/21/2017,2.82,2.63,2.482,3.327,2.86,2.84,3.182,2.091
4/24/2017,2.741,2.534,2.475,3.322,2.731,2.744,3.067,2.113
4/25/2017,2.687,2.52,2.448,3.243,2.69,2.74,3.06,2.055
4/26/2017,2.672,2.522,2.39,3.218,2.67,2.697,3.047,2.002
4/27/2017,2.736,2.59,2.563,3.269,2.75,2.747,3.097,1.981
4/28/2017,2.747,2.53,2.496,3.273,2.76,2.762,3.094,1.586
5/1/2017,2.83,2.6,2.567,3.361,2.84,2.828,3.181,1.721
5/2/2017,2.789,2.65,2.61,3.326,2.81,2.818,3.166,1.727
5/3/2017,2.763,2.641,2.614,3.291,2.77,2.764,3.119,1.816
5/4/2017,2.784,2.61,2.538,3.276,2.79,2.836,3.166,1.762
5/5/2017,2.813,2.525,2.559,3.304,2.82,2.847,3.185,1.751
5/8/2017,2.772,2.63,2.489,3.305,2.8,2.765,3.126,1.995
5/9/2017,2.743,2.6,2.256,3.276,2.77,2.759,3.099,1.934
5/10/2017,2.79,2.619,2.27,3.323,2.82,2.783,3.131,1.888
5/11/2017,2.87,2.711,2.375,3.418,2.92,2.869,3.248,2.122
5/12/2017,2.944,2.79,2.43,3.483,3.01,2.956,3.287,2.146
5/15/2017,2.961,2.79,2.575,3.508,3.02,2.91,3.279,2.048
5/16/2017,2.955,2.786,2.733,3.502,3.05,2.983,3.323,2.18
5/17/2017,2.863,2.71,2.699,3.415,2.96,2.857,3.21,2.153
5/18/2017,2.834,2.65,2.622,3.341,2.9,2.812,3.172,1.868
5/19/2017,2.797,2.61,2.54,3.334,2.88,2.798,3.129,1.944
5/22/2017,2.826,2.66,2.59,3.345,2.93,2.857,3.204,1.987
5/23/2017,2.906,2.75,2.68,3.453,3.07,2.955,3.367,2.01
5/24/2017,2.953,2.74,2.673,3.48,3.08,2.988,3.33,1.816
5/25/2017,2.852,2.68,2.57,3.382,2.98,2.9,3.25,1.891
5/26/2017,2.886,2.71,2.659,3.42,3,2.96,3.219,1.91
5/30/2017,2.824,2.67,2.594,3.368,2.95,2.796,3.184,1.199
5/31/2017,2.762,2.607,2.034,3.306,2.89,2.777,3.147,1.379
6/1/2017,2.676,2.42,2.248,3.221,2.82,2.739,3.025,0.815
6/2/2017,2.561,2.355,2.27,3.092,2.7,2.587,2.938,0.354
6/5/2017,2.446,2.36,2.316,2.991,2.6,2.47,2.828,1.18
6/6/2017,2.655,2.483,2.497,3.104,2.72,2.738,3.079,1.827
6/7/2017,2.744,2.56,2.515,3.185,2.786,2.786,3.104,1.447
6/8/2017,2.789,2.572,2.443,3.175,2.8,2.82,3.15,1.616
6/9/2017,2.686,2.483,2.465,3.135,2.73,2.728,3.037,1.441
6/12/2017,2.55,2.38,2.358,3.073,2.62,2.545,2.9,1.558
6/13/2017,2.646,2.42,2.265,3.167,2.7,2.627,3.019,1.681
6/14/2017,2.53,2.323,2.273,3.056,2.6,2.6,2.91,1.789
6/15/2017,2.65,2.43,2.316,3.062,2.63,2.701,3.051,1.509
6/16/2017,2.67,2.419,2.308,3.077,2.65,2.785,3.138,1.337
6/19/2017,2.758,2.51,2.34,3.168,2.74,2.87,3.234,1.523
6/20/2017,2.655,2.42,2.355,3.139,2.7,3.405,3.786,1.665
6/21/2017,2.682,2.41,2.303,3.142,2.71,3.493,4.08,1.642
6/22/2017,2.68,2.505,2.435,3.18,2.75,3.436,3.962,1.624
6/23/2017,2.662,2.41,2.351,3.149,2.7,2.844,3.393,1.562
6/26/2017,2.58,2.41,2.26,3.119,2.665,2.649,2.981,1.612
6/27/2017,2.659,2.44,2.254,3.2,2.72,2.757,3.088,1.884
6/28/2017,2.621,2.4,2.083,3.181,2.68,2.711,3.088,1.829
6/29/2017,2.633,2.418,2.16,3.195,2.72,2.726,3.084,1.854
6/30/2017,2.615,2.404,2.154,3.169,2.7,2.717,3.078,1.924
7/3/2017,2.441,2.2,1.745,3.063,2.498,2.524,2.702,1.598
7/5/2017,2.441,2.2,1.745,3.063,2.498,2.524,2.702,1.606
7/6/2017,2.672,2.55,1.893,3.158,2.6,2.884,3.355,1.356
7/7/2017,2.65,2.51,1.862,3.158,2.63,3.088,3.547,0.927
7/10/2017,2.636,2.471,1.8,3.16,2.62,2.841,3.204,0.715
7/11/2017,2.656,2.505,2.422,3.179,2.65,2.798,3.205,1.197
7/12/2017,2.724,2.51,2.46,3.282,2.71,2.849,3.2,0.99
7/13/2017,2.859,2.39,2.36,3.303,2.73,2.827,3.17,1.094
7/14/2017,2.693,2.25,2.26,3.225,2.69,2.742,3.11,1.441
7/17/2017,2.67,2.42,2.429,3.214,2.73,2.78,3.16,1.465
7/18/2017,2.75,2.545,2.531,3.321,2.81,2.854,3.226,0.55
7/19/2017,2.807,2.547,2.533,3.345,2.83,2.837,3.173,0.581
7/20/2017,2.734,2.5,2.496,3.37,2.8,2.826,3.194,0.933
7/21/2017,2.817,2.658,2.594,3.372,2.89,2.884,3.278,1.108
7/24/2017,2.755,2.564,2.576,3.305,2.81,2.812,3.243,0.601
7/25/2017,2.721,2.62,2.612,3.302,2.8,2.82,3.186,0.503
7/26/2017,2.772,2.631,2.614,3.293,2.82,2.829,3.185,1.079
7/27/2017,2.746,2.586,2.615,3.286,2.8,2.838,3.221,1.247
7/28/2017,2.767,2.619,2.618,3.288,2.8,2.835,3.183,0.996
7/31/2017,2.708,2.595,2.6,3.276,2.75,2.755,3.12,0.414
8/1/2017,2.705,2.56,2.558,3.25,2.72,3.047,3.491,0.448
8/2/2017,2.637,2.51,2.527,3.199,2.69,2.998,3.514,0.287
8/3/2017,2.633,2.51,2.52,3.248,2.71,3.02,3.559,0.286
8/4/2017,2.747,2.47,2.471,3.26,2.7,2.915,3.314,0.315
8/7/2017,2.637,2.424,2.42,3.181,2.62,2.778,3.148,1.001
8/8/2017,2.526,2.41,2.42,3.192,2.65,2.623,2.95,1.039
8/9/2017,2.537,2.44,2.443,3.197,2.67,2.638,3.021,1.081
8/10/2017,2.688,2.574,2.555,3.249,2.71,2.786,3.194,0.155
8/11/2017,2.722,2.588,2.569,3.275,2.74,2.849,3.193,0.208
8/14/2017,2.707,2.58,2.55,3.303,2.73,2.738,3.005,0.709
8/15/2017,2.702,2.59,2.546,3.287,2.68,2.751,2.987,0.556
8/16/2017,2.62,2.53,2.51,3.26,2.56,2.669,2.763,0.375
8/17/2017,2.843,2.5,2.491,3.226,2.54,2.643,2.77,0.37
8/18/2017,2.631,2.53,2.507,3.226,2.605,2.668,2.918,0.328
8/21/2017,2.741,2.54,2.519,3.242,2.669,2.66,2.876,0.271
8/22/2017,2.821,2.59,2.534,3.284,2.78,2.749,3.084,0.457
8/23/2017,2.896,2.695,2.683,3.359,2.923,2.891,3.243,0.852
8/24/2017,2.751,2.61,2.58,3.311,2.89,2.87,3.206,0.767
8/25/2017,2.8,2.64,2.645,3.368,2.883,2.827,3.175,1.137
8/28/2017,2.9,2.619,2.642,3.326,2.948,2.898,3.271,0.285
8/29/2017,2.92,2.748,2.744,3.379,2.99,3.51,3.829,2.258
8/30/2017,2.814,2.679,2.662,3.397,2.98,4.099,4.833,0.84
8/31/2017,2.75,2.63,2.635,3.36,2.94,4.056,4.528,0.826
9/1/2017,2.757,2.662,2.675,3.367,2.95,3.585,4.172,0.798
9/5/2017,2.802,2.731,2.759,3.396,2.99,3.232,3.779,0.631
9/6/2017,2.714,2.64,2.697,3.346,2.96,2.925,3.315,0.111
9/7/2017,2.734,2.632,2.645,3.365,2.98,2.828,3.253,0.397
9/8/2017,2.787,2.62,2.63,3.361,2.95,2.814,3.191,0.383
9/11/2017,2.659,2.5,2.529,3.283,2.86,2.703,3.023,0.446
9/12/2017,2.724,2.58,2.597,3.311,2.9,2.758,3.078,0.242
9/13/2017,2.79,2.65,2.695,3.374,2.83,2.862,3.166,0.33
9/14/2017,2.851,2.7,2.7,3.405,2.852,2.862,3.15,0.591
9/15/2017,2.783,2.63,2.634,3.375,2.82,2.816,3.073,0.742
9/18/2017,2.606,2.49,2.504,3.273,2.564,2.621,2.845,0.779
9/19/2017,2.805,2.67,2.695,3.395,2.8,2.859,3.257,1.015
9/20/2017,2.752,2.665,2.676,3.364,2.735,2.747,3.103,1.029
9/21/2017,2.703,2.63,2.598,3.318,2.67,2.671,3.042,0.57
9/22/2017,2.654,2.575,2.582,3.224,2.6,2.639,2.99,0.378
9/25/2017,2.554,2.45,2.451,3.143,2.48,2.538,2.818,0.801
9/26/2017,2.582,2.5,2.51,3.237,2.63,2.704,3.081,0.092
9/27/2017,2.554,2.445,2.468,3.162,2.575,2.624,3.006,0.02
9/28/2017,2.533,2.44,2.465,3.191,2.56,2.623,2.982,0.32
9/29/2017,2.513,2.37,2.322,3.159,2.51,2.484,2.848,0.373
10/2/2017,2.417,2.3,2.29,3.064,2.43,2.487,2.844,0.161
10/3/2017,2.459,2.36,2.379,3.041,2.355,2.607,3.296,0.531
10/4/2017,2.391,2.32,2.325,3.076,2.59,2.443,3.265,0.718
10/5/2017,2.513,2.44,2.423,3.149,2.68,2.535,3.039,0.447
10/6/2017,2.621,2.55,2.53,3.16,2.71,2.693,3.051,0.107
10/9/2017,2.609,2.47,2.46,3.087,2.65,2.608,2.897,0.084
10/10/2017,2.529,2.43,2.42,3.05,2.45,2.594,3.053,0.42
10/11/2017,2.549,2.47,2.439,3.071,2.501,2.605,3.02,0.243
10/12/2017,2.62,2.55,2.542,3.142,2.55,2.697,3.14,0.379
10/13/2017,2.644,2.61,2.585,3.157,2.538,2.67,3.145,0.382
10/16/2017,2.661,2.639,2.627,3.176,2.51,2.569,2.985,0.222
10/17/2017,2.646,2.6,2.627,3.19,2.5,2.892,5.816,0.085
10/18/2017,2.692,2.63,2.646,3.309,2.55,2.99,4.765,0.183
10/19/2017,2.621,2.576,2.581,3.191,2.545,2.54,4,0.41
10/20/2017,2.616,2.575,2.597,3.175,2.53,2.645,3.669,0.672
10/23/2017,2.61,2.555,2.591,3.134,2.492,2.659,3.612,0.263
10/24/2017,2.839,2.754,2.711,3.278,2.67,4.723,12.942,0.082
10/25/2017,2.767,2.67,2.66,3.203,2.754,3.46,7.815,0.341
10/26/2017,2.754,2.65,2.652,3.192,2.67,3.327,4.033,0.576
10/27/2017,2.74,2.69,2.64,3.164,2.705,3.593,4.708,0.609
10/30/2017,2.55,2.516,2.467,3.06,2.62,2.55,2.761,0.162
10/31/2017,2.771,2.725,2.71,3.131,2.72,2.78,3.133,0.623
11/1/2017,2.62,2.484,2.466,3.052,2.584,2.818,3.034,0.749
11/2/2017,2.62,2.484,2.526,2.949,2.584,2.584,3.04,0.749
11/3/2017,2.688,2.653,2.698,2.996,2.603,2.749,3.204,1.805
11/6/2017,2.716,2.67,2.744,3.084,2.616,2.826,2.905,0.644
11/7/2017,3.001,2.983,3.059,3.211,2.784,3.014,3.881,0.977
11/8/2017,2.959,2.875,2.926,3.238,2.85,2.991,3.832,0.684
11/9/2017,2.99,2.915,2.927,3.289,3.05,3.089,4.387,0.734
11/10/2017,3.008,2.95,2.964,3.301,3.1,3.078,4.677,1.025
11/13/2017,2.83,2.777,2.79,3.261,3.02,2.801,3.762,0.873
11/14/2017,2.91,2.88,2.82,3.282,3.05,2.944,4.74,0.954
11/15/2017,2.887,2.85,2.812,3.154,2.792,2.931,4.705,0.574
11/16/2017,2.879,2.814,2.78,3.17,2.77,2.922,4.226,0.103
11/17/2017,2.858,2.8,2.771,3.148,2.718,2.832,3.17,0.058
11/20/2017,2.789,2.68,2.724,3.129,2.7,2.795,3.234,0.094
11/21/2017,2.817,2.726,2.756,3.094,2.831,2.968,4.238,0.37
11/22/2017,2.726,2.585,2.594,3.025,2.735,2.779,4.284,0.741
11/27/2017,2.481,2.36,2.318,2.975,2.519,2.507,3.277,0.547
11/28/2017,2.619,2.55,2.609,3.047,2.493,2.592,4.25,1.472
11/29/2017,2.662,2.605,2.623,3.127,2.555,2.697,4.95,0.79
11/30/2017,2.755,2.723,2.73,3.182,2.698,2.8,5.222,0.579
12/1/2017,2.523,2.55,2.554,3.048,2.45,2.923,5.891,0.469
12/4/2017,2.575,2.55,2.561,3.016,2.4,2.896,4.375,0.445
12/5/2017,2.75,2.75,2.759,3.033,2.69,3.002,5,0.857
12/6/2017,2.783,2.79,2.784,2.945,2.823,3.525,6,0.175
12/7/2017,2.824,2.83,2.835,2.974,2.744,3.088,6.077,0.29
12/8/2017,2.628,2.65,2.631,2.904,2.524,2.823,7.48,0.362
12/11/2017,2.568,2.6,2.547,2.866,2.52,2.526,5.863,0.237
12/12/2017,2.63,2.65,2.616,2.974,2.61,3.16,7.025,0.231
12/13/2017,2.685,2.67,2.724,2.992,2.63,2.917,5.558,0.217
12/14/2017,2.593,2.592,2.631,2.908,2.444,2.858,4.588,0.25
12/15/2017,2.581,2.55,2.713,2.865,2.498,2.858,3.861,0.179
12/18/2017,2.6,2.565,2.809,2.845,2.45,2.785,4.75,0.189
12/19/2017,2.63,2.54,3.178,2.911,2.53,3.014,5.426,0.477
12/20/2017,2.604,2.55,3.893,2.944,2.625,3.024,5.171,0.483
12/21/2017,2.662,2.5,2.942,2.89,2.596,3.515,4.897,0.337
12/22/2017,2.484,2.56,2.822,2.851,2.495,4.373,5.289,0.422
12/26/2017,2.587,2.5,2.83,2.848,2.485,3.336,4.307,0.414
12/27/2017,2.66,2.702,2.98,2.842,2.62,2.897,3.49,0.623
12/28/2017,2.65,2.633,2.588,2.886,2.68,2.739,3.25,0.708
12/29/2017,2.902,2.886,2.89,3.038,2.9,3.061,3.261,0.917
1/2/2018,3.16,3.236,3.276,3.171,3.6,3.563,4.04,0.862
1/3/2018,3.498,3.9,3.784,3.297,3.92,5.99,6.606,1.726
1/4/2018,3.08,3.097,3.5,3.08,3.45,5.446,5.7,1.582
1/5/2018,2.919,2.88,2.88,3.076,3.35,3.198,3.541,0.876
1/8/2018,2.495,2.5,2.483,2.796,2.95,2.426,2.824,0.553
1/9/2018,2.495,2.44,2.452,2.853,2.98,2.541,3.214,0.615
1/10/2018,2.462,2.377,2.392,2.849,2.517,2.565,3.279,0.738
1/11/2018,2.583,2.504,2.474,2.879,2.593,2.602,3.35,1.747
1/12/2018,2.734,2.66,2.618,2.898,2.81,2.82,3.223,2.178
1/16/2018,2.834,2.765,2.765,2.918,2.967,3.002,3.155,1.777
1/17/2018,2.836,3.45,2.562,3.034,3.7,3.8,3.85,1.336
1/18/2018,2.713,2.65,2.571,2.99,2.816,3.084,3.59,1.636
1/19/2018,2.739,2.613,2.604,2.947,2.64,2.785,3.35,1.229
1/22/2018,2.695,2.64,2.588,2.899,2.765,2.768,3.267,1.618
1/23/2018,2.729,2.677,2.674,2.9,2.745,2.865,3.386,1.697
1/24/2018,2.753,2.7,2.635,2.952,2.792,2.906,3.444,1.683
1/25/2018,2.859,2.77,2.765,3.017,2.92,2.94,3.403,1.787
1/26/2018,2.835,2.704,2.67,3.05,2.95,2.922,3.398,1.8
1/29/2018,2.783,2.713,2.681,2.995,2.825,2.823,3.3,1.163
1/30/2018,2.634,2.517,2.466,2.879,2.641,2.649,3.185,1.544
1/31/2018,2.598,2.45,2.373,2.852,2.516,2.576,3.028,1.716
2/1/2018,2.45,2.3,2.205,2.733,2.438,2.48,2.75,1.759
2/2/2018,2.857,2.11,1.974,2.688,2.172,2.212,2.6,1.894
2/5/2018,1.974,1.76,1.743,2.475,1.884,1.893,2.02,1.341
2/6/2018,2.02,1.83,1.749,2.48,2.009,2.077,2.17,1.377
2/7/2018,2.064,1.96,1.562,2.526,2.187,2.186,2.61,1.46
2/8/2018,2.066,1.79,1.654,2.542,2.133,2.172,2.568,1.294
2/9/2018,2.225,1.975,1.918,2.541,2.238,2.277,2.657,1.572
2/12/2018,2.346,2.265,2.176,2.546,2.32,2.323,2.475,1.482
2/13/2018,2.34,2.268,2.231,2.645,2.34,2.367,2.99,1.47
2/14/2018,2.381,2.303,2.27,2.764,2.326,2.485,4.145,1.556
2/15/2018,2.311,2.31,2.3,2.79,2.268,2.354,4.52,1.597
2/16/2018,2.37,2.3,2.284,2.824,2.25,2.318,3.8,1.736
2/20/2018,2.469,2.457,2.589,2.719,2.106,2.391,3.83,1.803
2/21/2018,3.193,3.1,3.109,3.278,2.766,3.001,23.5,1.464
2/22/2018,3.065,3.014,3.026,3.34,2.68,2.697,17.25,1.677
2/23/2018,2.759,2.85,2.813,2.908,2.535,2.542,4.5,1.39
2/26/2018,2.371,2.27,2.312,2.739,2.3,2.432,3.814,1.406
2/27/2018,2.44,2.363,2.33,2.818,2.191,2.361,3.33,1.189
2/28/2018,2.237,2.195,2.16,2.716,2.114,2.254,3.194,1.474
3/1/2018,2.304,2.228,2.242,2.764,2.182,2.302,2.544,1.416
3/2/2018,2.266,2.2,2.195,2.761,2.21,2.371,2.686,1.57
3/5/2018,2.368,2.3,2.294,2.812,2,3.05,3.332,1.592
3/6/2018,2.39,2.335,2.333,2.764,2.117,2.251,2.725,1.534
3/7/2018,2.461,2.41,2.402,2.81,2.186,2.374,3.04,1.36
3/8/2018,2.389,2.327,2.311,2.861,2.239,2.402,2.981,1.527
3/9/2018,2.168,2.122,2.119,2.804,2.03,2.216,2.77,1.556
3/12/2018,2.108,2.1,2.088,2.704,1.988,2.043,2.564,1.532
3/13/2018,2.363,2.212,2.227,2.887,2.06,2.18,3.45,1.709
3/14/2018,2.34,2.142,2.149,2.96,2.019,2.502,5.383,1.632
3/15/2018,2.23,2.11,2.104,2.822,1.828,1.969,3.883,1.603
3/16/2018,2.217,2.08,2.1,2.796,2.006,2.149,3.21,1.559
3/19/2018,2.13,2.052,2.055,2.703,1.95,2.033,3.484,1.631
3/20/2018,2.109,1.998,1.97,2.681,1.755,1.95,2.97,1.517
3/21/2018,2.121,1.951,2,2.723,1.838,2.055,2.99,1.416
3/22/2018,2.103,2.05,1.85,2.69,1.869,2.137,3.9,1.246
3/23/2018,2.111,2.175,2.05,2.682,1.875,2.174,3.658,1.225
3/26/2018,2.046,2.027,1.997,2.542,1.755,2.011,3.008,1.49
3/27/2018,1.95,1.893,1.854,2.557,1.758,2.025,2.85,1.591
3/28/2018,1.988,1.9,1.88,2.54,1.935,2.004,2.643,1.611
3/29/2018,2.026,1.95,1.957,2.558,1.98,1.998,2.43,1.644
4/2/2018,1.995,1.9,1.79,2.589,1.845,1.926,2.988,1.398
4/3/2018,1.98,1.95,1.937,2.542,1.938,1.999,3.39,0.917
4/4/2018,2.08,2.02,1.986,2.595,2.045,2.197,3.358,1.483
4/5/2018,2.176,2.171,2.152,2.658,2.35,2.367,2.915,1.642
4/6/2018,2.231,2.081,2.004,2.584,2.205,2.201,2.663,1.742
4/9/2018,2.054,2.01,1.983,2.592,2.126,2.1,2.582,1.513
4/10/2018,2.088,2.066,1.965,2.618,2.15,2.323,3.575,0.869
4/11/2018,2.052,2.15,2.076,2.667,2.2,2.531,3.718,1.143
4/12/2018,2.122,2.06,2.05,2.745,2.173,2.164,3.199,1.302
4/13/2018,2.175,2.11,2.1,2.702,2.12,2.153,3.25,0.961
4/16/2018,2.241,2.2,2.21,2.72,2.278,2.233,3.5,0.834
4/17/2018,2.308,2.26,2.25,2.852,2.275,2.371,4.049,1.048
4/18/2018,2.254,2.135,2.09,2.845,2.157,2.202,3.153,1.136
4/19/2018,2.014,2.02,1.958,2.897,2.2,2.04,3,0.772
4/20/2018,1.9,1.86,1.861,2.682,1.94,1.978,2.85,0.711
4/23/2018,1.793,1.74,1.75,2.63,1.84,1.83,2.305,1.045
4/24/2018,1.986,1.882,1.885,2.662,1.859,2.012,2.4,0.635
4/25/2018,2.089,1.9,1.86,2.755,2.037,2.196,3.85,0.839
4/26/2018,1.98,1.859,1.819,2.709,2.03,2.058,2.95,1.143
4/27/2018,2.005,1.798,1.766,2.755,2,2.047,2.908,1.223
4/30/2018,1.849,1.72,1.709,2.71,1.77,1.794,2.82,1.066
5/1/2018,1.834,1.656,1.624,2.652,1.67,1.678,2.75,0.485
5/2/2018,1.876,1.724,1.678,2.797,1.94,2.011,2.95,0.394
5/3/2018,1.871,1.663,1.413,2.867,1.8,1.936,3.511,0.238
5/4/2018,1.777,1.573,1.341,2.777,1.815,1.925,3.525,0.215
5/7/2018,1.79,1.632,1.164,2.722,1.808,1.889,3.495,0.019
5/8/2018,2.012,1.81,1.106,2.85,2,2.139,3.35,0.597
5/9/2018,1.961,1.74,0.73,2.81,1.95,2.06,3.18,0.556
5/10/2018,1.78,1.618,1.55,2.775,1.77,1.932,3.145,0.507
5/11/2018,1.72,1.596,1.561,2.746,1.768,1.809,2.866,0.561
5/14/2018,1.694,1.465,1.404,2.703,1.657,1.733,2.214,0.27
5/15/2018,1.769,1.55,1.446,2.913,1.84,1.898,2.4,0.21
5/16/2018,1.773,1.533,1.515,2.921,1.877,1.945,2.45,0.403
5/17/2018,1.815,1.604,1.573,2.91,1.917,1.963,3,1.159
5/18/2018,1.77,1.6,1.551,2.865,1.86,1.878,2.8,1.031
5/21/2018,1.773,1.56,1.5,2.899,1.742,1.789,2.146,0.983
5/22/2018,1.803,1.62,1.55,2.947,1.806,1.829,2.718,1.109
5/23/2018,1.778,1.58,1.52,2.991,1.777,1.775,2.65,0.74
5/24/2018,1.891,1.65,1.442,3.03,1.83,1.992,2.44,0.627
5/25/2018,1.891,1.637,1.42,3.053,2.04,2.088,2.5,1.063
5/29/2018,1.973,1.76,1.316,3.062,2,2.047,2.52,0.827
5/30/2018,2.026,1.833,1.3,3.01,2.236,2.252,3.668,0.383
5/31/2018,2.025,1.8,1.194,3.018,2.14,2.193,3.15,0.258
6/1/2018,2.221,1.86,1.176,3.018,2.268,2.344,3.417,0.488
6/4/2018,2.335,2.043,1.109,2.966,2.3,2.532,3.403,0.744
6/5/2018,2.463,2.207,0.959,3.044,2.39,2.635,3.68,0.722
6/6/2018,2.417,2.151,1.053,2.965,2.46,2.564,2.869,0.671
6/7/2018,2.4,2.135,1.16,2.956,2.45,2.596,2.818,0.905
6/8/2018,2.42,2.145,1.265,2.982,2.423,2.6,2.784,1.142
6/11/2018,2.28,2.067,1.455,2.908,2.136,2.204,2.389,0.927
6/12/2018,2.601,2.372,1.593,3.011,2.64,2.776,3.406,0.722
6/13/2018,2.447,2.178,1.976,3.023,2.57,2.734,3.36,0.989
6/14/2018,2.464,2.38,2.032,3.003,2.505,2.643,3.344,1.245
6/15/2018,2.336,2.26,1.955,3.047,2.249,2.357,2.925,1.128
6/18/2018,2.145,1.992,1.89,3.004,2.14,2.15,2.397,0.64
6/19/2018,2.283,2.228,1.623,3.042,2.26,2.518,2.983,0.762
6/20/2018,2.341,2.284,2.253,3.03,2.28,2.75,3.224,0.405
6/21/2018,2.426,2.277,2.3,3.091,2.414,2.71,3.569,1.137
6/22/2018,2.281,2.065,2.025,3.101,2.05,2.499,3.512,1.275
6/25/2018,1.905,1.85,1.9,3.063,1.97,2.104,2.519,0.966
6/26/2018,1.772,1.725,1.863,2.911,1.988,2.114,3.6,1.096
6/27/2018,1.891,1.823,1.95,2.94,1.89,2.5,3.55,0.809
6/28/2018,1.94,1.69,1.484,3.016,1.9,2.45,3.65,0.75
6/29/2018,2.186,1.886,0.994,3.048,2.2,2.65,2.947,0.645
7/2/2018,2.231,2.075,1.1,2.947,2.13,2.428,3.1,0.842
7/3/2018,2.43,2.29,2.003,2.919,2.3,2.535,3.18,0.878
7/5/2018,2.392,2.297,2.22,2.918,2.3,2.45,3.17,1.19
7/6/2018,2.589,2.49,2.45,2.993,2.4,3.8,7.719,1.279
7/9/2018,2.429,2.285,2.3,2.92,2.343,3.15,5.143,0.864
7/10/2018,2.466,2.33,2.184,2.998,2.65,2.753,6.95,1.23
7/11/2018,2.397,2.35,2.252,2.975,2.567,2.449,4.343,1.171
7/12/2018,2.53,2.376,2.28,2.944,2.691,3.078,4.5,1.266
7/13/2018,2.564,2.46,2.33,2.958,2.647,2.805,4.748,1.326
7/16/2018,2.583,2.42,2.33,2.928,2.56,3.518,5.5,1.035
7/17/2018,2.53,2.4,2.23,2.96,2.55,2.65,7.303,0.889
7/18/2018,2.557,2.437,2.15,3.008,2.644,2.6,6.207,1.131
7/19/2018,2.496,2.3,2.1,2.965,2.55,2.61,8.928,1.285
7/20/2018,2.49,2.377,2.133,2.95,2.54,3.074,13.453,1.157
7/23/2018,2.56,2.51,2.1,3.014,2.6,2.63,12.25,0.868
7/24/2018,2.63,2.6,2.18,3.156,2.636,14.84,38.836,1.263
7/25/2018,2.5,2.4,2.05,3.069,2.5,2.557,19.5,1.307
7/26/2018,2.54,2.45,2.348,3.177,2.65,2.577,14.599,1.247
7/27/2018,2.47,2.398,2.3,3.138,2.5,2.5,15.681,1.168
7/30/2018,2.536,2.44,2.302,3.142,2.45,2.533,8.5,0.879
7/31/2018,2.586,2.464,2.375,3.13,2.51,3.657,8.17,1.138
8/1/2018,2.66,2.449,2.39,3.21,2.6,2.593,8.633,1.314
8/2/2018,2.635,2.519,2.34,3.219,2.59,2.972,9.646,1.223
8/3/2018,2.58,2.45,2.194,3.287,2.7,2.699,12.176,1.216
8/6/2018,2.682,2.525,1.68,3.301,2.4,3.329,24.528,0.935
8/7/2018,2.758,2.647,1.8,3.365,2.68,2.631,24.329,1.177
8/8/2018,2.754,2.708,2.635,3.375,2.7,3.199,13.178,0.973
8/9/2018,2.81,2.737,2.712,3.452,2.76,2.714,14.084,0.929
8/10/2018,2.695,2.6,2.61,3.441,2.67,6.76,15,1.079
8/13/2018,2.6,2.52,2.516,3.4,2.25,6.327,10.289,1.011
8/14/2018,2.835,2.68,2.624,3.429,2.3,2.459,8.77,0.984
8/15/2018,2.834,2.76,2.7,3.447,2.65,3.732,8.796,1.073
8/16/2018,2.751,2.69,2.68,3.486,2.67,3.143,7.877,1.05
8/17/2018,2.76,2.65,2.657,3.393,2.615,2.627,6.001,1.047
8/20/2018,2.981,2.655,2.65,3.383,2.449,2.478,5.015,0.434
8/21/2018,2.75,2.66,2.65,3.395,2.68,3.149,6.03,0.69
8/22/2018,2.676,2.608,2.595,3.376,2.65,2.955,5.382,0.768
8/23/2018,2.515,2.466,2.45,3.337,2.415,2.428,4.818,1.044
8/24/2018,2.4,2.336,2.32,3.303,2.3,2.363,3.98,0.796
8/27/2018,2.36,2.356,2.341,3.236,1.937,2.108,3.882,0.392
8/28/2018,2.28,2.31,2.29,3.162,2.14,2.345,4.056,0.863
8/29/2018,2.39,2.307,2.298,3.133,2.28,2.491,4.47,0.705
8/30/2018,2.35,2.33,2.32,3.188,2.34,2.473,5.52,0.552
8/31/2018,2.36,2.29,2.292,3.162,2.3,2.307,4.775,0.347
9/4/2018,2.356,2.305,2.3,3.133,2.2,2.225,4.079,0.603
9/5/2018,2.378,2.328,2.294,3.186,2.25,2.287,4.105,0.809
9/6/2018,2.42,2.343,2.33,3.207,2.28,2.271,4.206,0.907
9/7/2018,2.552,2.445,2.43,3.167,2.5,2.425,4.578,0.644
9/10/2018,2.406,2.38,2.36,3.075,2.4,2.364,3.875,0.383
9/11/2018,2.36,2.33,2.328,3.104,2.283,2.274,3.96,0.835
9/12/2018,2.367,2.283,2.319,3.079,2.275,2.29,3.79,0.794
9/13/2018,2.331,2.274,2.249,3.095,2.3,2.294,3.61,1.084
9/14/2018,2.267,2.25,2.26,3.04,2.1,2.134,3.727,1.054
9/17/2018,2.191,2.2,2.16,2.967,2.04,1.935,3.7,1.227
9/18/2018,2.357,2.38,2.357,3.062,2.046,2.098,3.9,1.131
9/19/2018,2.45,2.43,2.417,3.149,2,2.208,4.003,1.206
9/20/2018,2.34,2.25,2.231,3.095,1.351,1.85,4.75,1.29
9/21/2018,2.272,2.253,2.266,3.132,1.45,1.731,3.982,1.287
9/24/2018,2.409,2.415,2.25,3.097,1.3,1.635,3.448,1.219
9/25/2018,2.572,2.441,2.39,3.273,1.6,1.792,3.615,1.302
9/26/2018,2.543,2.46,2.41,3.3,2,2.25,3.789,1.415
9/27/2018,2.415,2.31,2.32,3.285,2.175,2.21,3.8,1.539
9/28/2018,2.033,2.05,2.08,3.24,2.02,2.022,3.621,1.633
10/1/2018,1.98,1.91,1.959,3.261,2,2.108,3.85,1.667
10/2/2018,2.627,2.28,2.1,3.406,1.6,2.212,4.1,1.697
10/3/2018,2.75,2.58,2.575,3.503,1.393,2.313,3.85,1.919
10/4/2018,2.906,2.85,2.85,3.499,1.75,2.484,4.337,1.968
10/5/2018,2.776,2.73,2.75,3.415,2.448,2.35,3.15,2.058
10/8/2018,2.613,2.68,2.7,3.326,2.1,2.275,2.727,1.933
10/9/2018,2.944,2.985,3.068,3.469,2.25,2.749,3.98,2.294
10/10/2018,2.98,2.97,2.966,3.55,2.6,2.951,3.3,1.672
10/11/2018,3.395,3.35,3.32,3.74,2.95,3.166,3.6,2.071
10/12/2018,2.9,2.95,2.9,3.504,2.7,2.78,3.48,1.54
10/15/2018,3.095,3.148,8.638,3.532,1.9,2.953,3.536,0.904
10/16/2018,3.129,3.101,5.146,3.673,2.54,3.08,4.35,1.668
10/17/2018,3.17,3.15,4.759,3.721,2.7,3.279,5.057,1.754
10/18/2018,3.296,3.325,5.269,3.819,2.55,3.372,5.061,0.032
10/19/2018,3.216,3.18,6.75,3.89,2.614,3.14,4.85,0.293
10/22/2018,3.263,3.25,6.575,3.914,2.355,2.83,3.275,0.282
10/23/2018,3.354,3.36,8.076,4.049,2.55,3.275,4.169,0.523
10/24/2018,3.524,3.655,7.67,4.314,2.4,3.41,4.05,0.709
10/25/2018,3.556,3.75,4.5,4.389,2.5,3.608,4.35,0.04
10/26/2018,3.253,3.15,7.804,3.998,2.35,3.246,5.65,0.125
10/29/2018,3.175,3.08,9.389,4.107,1.847,2.962,4.25,0.038
10/30/2018,3.125,3.2,14.375,3.941,1.5,3.186,3.75,0.163
10/31/2018,3.133,3.065,7.659,3.873,1.583,3.259,4.52,0.137
11/1/2018,3.049,3.05,4.84,3.776,2.15,2.667,5.5,0.124
11/2/2018,3.013,2.975,3.715,3.685,2.23,3.049,4.8,0.196
11/5/2018,2.858,2.73,4.022,3.415,1.47,2.463,3.384,0.381
11/6/2018,3.308,3.3,4.067,3.845,1.6,3.154,5,0.008
11/7/2018,3.473,3.438,9.5,4.011,1.45,3.665,5.25,0.008
11/8/2018,3.504,3.495,17.027,3.992,1.3,2.878,4.95,0.008
11/9/2018,3.679,3.62,9.009,3.995,1.6,3.122,6,0.008
11/12/2018,3.752,3.791,8.65,4.079,2,2.894,4.2,0.008
11/13/2018,4.009,4.031,9.05,4.255,3.75,4.663,6.1,0.096
11/14/2018,4.25,4.33,9.15,4.473,3.9,4.566,6.7,0.684
11/15/2018,4.85,4.9,14.037,5.263,4.15,4.972,9.11,0.844
11/16/2018,4.7,4.75,61.821,5.624,3.8,4.336,15.571,0.2
11/19/2018,4.64,4.6,21.222,5.334,3.1,4.128,10.75,0.63
11/20/2018,5.51,5.9,9.491,6.108,4.15,5.618,7.182,0.695
11/21/2018,6.149,5.95,8.791,6.278,4.4,6.236,8.25,0.56
11/26/2018,5.92,5.996,7.627,6.146,4.2,5.871,7.25,0.48
11/27/2018,5.925,6.04,10.667,6.135,3.647,5.716,6.697,0.39
11/28/2018,5.79,6.15,11.485,6.002,3.59,5.309,6.64,0.255
11/29/2018,6.117,6.081,11.28,6.721,4.327,6.802,7.377,0.277
11/30/2018,6.2,6.2,17.805,6.739,4.35,5.812,7.25,0.374
12/3/2018,6.689,6.658,10.677,6.855,4.61,6.913,14.2,0.753
12/4/2018,6.897,6.75,9.027,7.011,4.45,9,13.302,0.818
12/5/2018,6.808,6.87,8.218,6.959,4.5,7.444,11.097,0.102
12/6/2018,6.236,6.3,6.808,6.354,4.35,6.335,10.028,0.405
12/7/2018,6.453,6.55,9.289,6.65,3.85,4.907,11.5,0.142
12/10/2018,5.65,5.7,7.423,5.826,3.9,5.7,9.063,0.008
12/11/2018,5.472,5.323,5.5,5.755,3.88,5.665,8.18,0.008
12/12/2018,4.817,4.737,4.869,5.166,3.78,5.025,7.047,0.514
12/13/2018,4.2,4.132,5.403,4.445,3.75,4.158,6.545,0.317
12/14/2018,4.44,4.3,5.75,4.687,4.02,4.027,6.094,0.434
12/17/2018,4.05,4.03,5.15,4.2,2.75,3.734,6.25,0.464
12/18/2018,4.1,4,4.1,4.255,3.07,4.422,6.349,0.25
12/19/2018,4,3.82,3.95,4.278,3.05,3.897,6.36,0.508
12/20/2018,3.694,4.05,4.302,4.165,3.15,3.622,6.071,0.666
12/21/2018,3.855,3.8,4.03,4.578,3.5,3.659,6.15,0.709
12/26/2018,3.65,3.55,3.89,4.192,2.896,3.344,6.026,0.584
12/27/2018,3.85,3.87,5.214,4.081,2.85,3.824,6.2,0.435
12/28/2018,3.775,3.717,4.025,4.002,3.122,3.736,6.3,0.519
1/2/2019,3.7,3.815,3.916,3.925,3.32,3.59,6.5,0.872
1/3/2019,3.75,3.744,3.687,3.825,3.482,4.5,7.7,1.004
1/4/2019,3.581,3.65,3.774,3.657,3.461,4.371,6.455,1.24
1/7/2019,3.35,3.21,3.252,3.521,3.05,3.25,5.818,1.44
1/8/2019,3.089,3.3,3.116,3.423,2.65,3.122,5.307,1.38
1/9/2019,3.172,3.14,3.054,3.589,2.85,3.2,5.1,1.308
1/10/2019,3.047,2.9,2.905,3.43,2.6,3.162,4.64,1.249
1/11/2019,2.9,2.885,2.884,3.38,2.6,3.043,4.95,1.2
1/14/2019,3.2,3.032,3.028,3.37,2.6,2.835,4.3,0.934
1/15/2019,3.85,3.8,3.844,4.042,3.2,3.456,4.9,1.359
1/16/2019,4.298,4.281,4.334,4.385,3.25,3.8,5.514,1.402
1/17/2019,4.501,4.394,4.376,4.639,3.45,3.624,5.342,1.604
1/18/2019,4,4.1,4.054,4.429,3.27,3.55,5.232,1.464
1/22/2019,3.55,3.6,3.755,3.761,3,3.511,4.01,1.344
1/23/2019,3.45,3.5,3.55,3.595,2.7,3,4.184,0.745
1/24/2019,3.44,3.395,3.386,3.608,2.99,3.15,4.156,0.704
1/25/2019,3.37,3.35,3.405,3.554,3.05,3.344,3.997,0.593
1/28/2019,3.27,3.274,3.412,3.519,2.8,3.222,3.557,0.701
1/29/2019,3.34,3.31,3.45,3.587,3.023,3.464,3.789,0.463
1/30/2019,3.404,3.36,3.592,3.55,3.3,3.529,3.629,0.473
1/31/2019,3.625,3.662,3.638,3.75,3.683,3.95,4.076,0.405
2/1/2019,3.32,3.333,3.31,3.5,2.455,2.45,3.717,0.667
2/4/2019,3.092,3.25,5.836,3.467,2.05,2.618,3.422,0.754
2/5/2019,4.735,4.962,14.773,4.719,2.192,3.317,6.017,1.42
2/6/2019,6.011,6.077,15.85,6.342,2.57,4.525,8.583,1.48
2/7/2019,12.969,12.818,23.33,11.445,2.8,5.814,20.9,1.384
2/8/2019,18.121,18.152,20.39,18.492,3.282,12.469,17.998,1.453
2/11/2019,14.386,14.408,54.5,14.202,2.6,12.332,16.348,1.293
2/12/2019,5.9,5.95,44.317,5.72,2.58,5.62,8.913,2.119
2/13/2019,7.35,8.198,37.75,6.069,2.4,4,6.286,2.176
2/14/2019,9.294,8.5,12.427,9.052,2.45,4.016,9.467,2.144
2/15/2019,7.5,7.7,9.5,7.7,2.4,3.739,8,1.862
2/19/2019,8.403,8.6,9.386,8.495,2.7,4.089,10.208,2.016
2/20/2019,9.15,7.55,8.568,10.909,3.4,8.585,17.5,0.519
2/21/2019,8.45,8.1,8.4,8.403,2.8,7.053,21.5,0.342
2/22/2019,5.28,5.4,5.75,5.479,2.85,5.818,12.461,0.28
2/25/2019,4.05,4.08,10.135,4.122,2.6,4.236,6.5,0.07
2/26/2019,3.04,4.85,17.25,5.012,2.9,3.667,5.276,0.2
2/27/2019,4.665,4.7,49,4.993,2.75,2.97,4.74,0.544
2/28/2019,4.182,4.25,12,4.387,2.6,2.74,4.929,0.148
3/1/2019,4.094,4.114,26.139,4.262,2.85,2.838,5.172,0.866
3/4/2019,6.423,6.9,154.5,6.177,6.25,5.666,6.643,1.086
3/5/2019,4.55,4.15,10,5.634,4.5,4.99,8.231,1.122
3/6/2019,3.485,3.55,5.583,4.252,2.643,3.708,5.238,0.88
3/7/2019,3.644,3.7,6.095,4.279,3.3,3.564,5.088,0.806
3/8/2019,3.54,3.65,7.5,3.924,3.58,3.625,5.79,0.847
3/11/2019,3.45,3.65,24,3.737,3.05,3.044,5.031,0.864
3/12/2019,3.7,3.65,3.7,4.289,2.36,2.957,5.059,1.11
3/13/2019,3.505,3.43,3.499,3.75,2.3,3.288,4.85,1.008
3/14/2019,3.48,3.6,4.269,3.713,3,3.292,4.216,0.914
3/15/2019,3.5,3.87,3.54,3.912,3.3,3.577,4.15,1.33
3/18/2019,2.92,2.95,3.068,3.521,2.95,3.002,3.629,1.085
3/19/2019,2.88,2.84,2.88,3.525,2.4,2.571,3.602,1.107
3/20/2019,2.9,2.8,2.85,3.701,2.48,2.779,3.98,0.927
3/21/2019,2.716,2.654,2.7,3.765,1.9,2.453,4.068,0.484
3/22/2019,2.433,2.5,2.55,3.68,1.2,2.844,4.472,0.417
3/25/2019,2.443,2.6,2.374,3.53,0.95,2.115,4.317,0.053
3/26/2019,2.75,2.7,2.4,3.639,1.45,2.369,4.527,0.118
3/27/2019,2.598,2.53,2.573,3.622,2.35,3,4.507,0.039
3/28/2019,2.5,2.49,2.455,3.646,1.2,2.071,4.077,0.346
3/29/2019,2.37,2.3,2.334,3.578,0.7,1.643,3.335,0.67
4/1/2019,2.349,2.33,2.353,3.648,0.5,2.149,3.219,0.645
4/2/2019,2.4,2.37,2.408,3.674,0.58,1.89,3.497,0.424
4/3/2019,2.52,2.44,2.54,3.71,1.95,2.51,3.567,0.395
4/4/2019,2.58,2.4,2.527,3.712,1.85,2.371,3.843,0.253
4/5/2019,2.54,2.45,2.52,3.738,2.18,2.601,3.831,0.209
4/8/2019,2.477,2.46,2.381,3.582,2.2,2.717,3.344,0.252
4/9/2019,2.246,2.23,2.26,3.601,2.15,2.262,3.206,0.754
4/10/2019,2.39,2.31,2.375,3.424,1.75,2.271,2.885,0.439
4/11/2019,2.45,2.34,2.32,3.317,1.74,2.059,2.728,0.721
4/12/2019,2.32,2.28,2.285,3.238,2.12,2.388,2.808,1.104
4/15/2019,2.208,2.15,2.2,3.087,1.25,1.98,2.43,1.178
4/16/2019,1.349,1.491,1.809,3.169,0.49,1.125,2.8,0.237
4/17/2019,1.85,1.79,1.937,3.329,0.9,1.508,2.851,0.948
4/18/2019,1.933,1.83,1.99,3.223,1.32,1.876,2.845,0.845
4/19/2019,1.41,1.425,1.441,2.812,0.55,1.568,2.443,0.549
4/22/2019,1.41,1.425,1.441,2.812,0.55,1.568,2.443,0.548
4/23/2019,1.818,1.648,1.65,2.97,1.5,1.625,2.064,0.032
4/24/2019,1.785,1.63,1.72,2.888,1.02,1.366,2.178,0.146
4/25/2019,1.987,1.85,1.836,2.944,1.7,1.729,2.419,0.211
4/26/2019,1.979,1.82,1.881,2.993,1.75,1.7,2.477,0.214
4/29/2019,1.692,1.511,1.761,2.748,1.25,1.659,1.801,0.355
4/30/2019,2.004,1.92,1.884,3.258,1.12,1.881,2.382,0.231
5/1/2019,2.043,2,1.954,3.356,0.95,1.54,2.432,0.531
5/2/2019,2.11,2.011,2.01,3.397,1.12,1.761,2.437,1.034
5/3/2019,2.053,2,1.983,3.262,1.4,1.655,2.437,1.003
5/6/2019,1.89,1.905,1.898,3.252,1.29,1.52,2.175,0.958
5/7/2019,2.1,2.055,2.14,3.444,1.9,1.96,2.686,0.506
5/8/2019,2.21,2.147,2.138,3.34,1.95,2.09,3.017,1.088
5/9/2019,2.16,2.07,2.042,3.256,2.01,2.124,2.844,0.66
5/10/2019,2.047,1.98,1.998,3.306,2.05,2.067,2.8,0.61
5/13/2019,2.03,1.88,1.879,3.163,1.9,1.888,2.479,0.016
5/14/2019,2.2,2.03,2.019,3.318,2.01,2.176,2.776,0.01
5/15/2019,2.279,2.145,2.125,3.434,1.81,2.194,3.035,0.117
5/16/2019,1.899,1.835,1.832,3.454,1.89,2.134,2.91,0.345
5/17/2019,1.96,1.86,1.854,3.219,1.52,1.807,2.802,0.413
5/20/2019,1.892,1.76,1.81,3.24,0.65,1.479,2.454,0.274
5/21/2019,1.807,1.777,1.8,3.397,0.65,1.4,2.709,0.236
5/22/2019,1.868,1.7,1.681,3.306,1.3,1.661,2.765,0.756
5/23/2019,1.89,1.75,1.715,3.232,1.2,1.712,2.77,0.066
5/24/2019,1.89,1.63,1.624,3.207,1.38,1.884,2.768,0.34
5/28/2019,1.59,1.5,1.398,3.099,0.35,1.763,2.5,0.243
5/29/2019,1.75,1.45,1.394,3.217,0.99,1.571,2.5,0.331
5/30/2019,1.73,1.48,1.292,3.256,1.6,1.831,2.5,0.297
5/31/2019,1.788,1.51,1.45,3.206,1.71,1.86,2.45,0.415
6/3/2019,1.01,0.974,0.867,3.045,1.3,1.467,2.768,0.635
6/4/2019,1.283,1.115,0.944,2.928,1.38,1.546,2.639,0.812
6/5/2019,1.489,1.27,1.247,2.663,1.58,1.736,2.816,0.753
6/6/2019,1.735,1.492,1.47,2.798,1.95,1.996,2.987,0.656
6/7/2019,1.539,1.31,1.28,2.582,1.68,1.791,2.637,0.379
6/10/2019,1.452,1.65,1.665,2.023,1.4,1.457,1.871,0.541
6/11/2019,2.05,1.93,1.928,2.913,2.25,2.726,3.239,0.379
6/12/2019,2.085,2.03,2.033,2.981,2.09,2.836,3.632,0.571
6/13/2019,2.08,2.06,2,2.894,2.196,2.34,3.002,0.405
6/14/2019,2.01,1.92,1.837,2.777,2.021,2.117,2.591,0.275
6/17/2019,1.825,1.798,1.965,2.392,1.78,1.788,2.034,0.153
6/18/2019,2.09,1.91,1.89,2.899,1.69,2.258,2.579,0.209
6/19/2019,2.1,1.955,1.933,2.684,2.19,2.169,2.481,0.222
6/20/2019,2.01,1.88,1.844,2.686,2.15,2.177,2.412,0.115
6/21/2019,1.759,1.59,1.671,2.219,1.7,1.677,1.831,0.008
6/24/2019,1.135,1.18,1.167,1.613,0.93,0.906,1.135,0.109
6/25/2019,1.99,1.8,1.902,2.713,2.111,2.042,2.22,0.476
6/26/2019,1.9,1.77,1.77,2.5,1.92,1.935,2.129,0.311
6/27/2019,2.16,1.7,1.68,2.472,1.79,1.829,1.941,0.318
6/28/2019,1.893,1.8,1.872,2.238,1.65,1.687,1.753,0.15
7/1/2019,1.829,1.775,1.933,2.352,1.85,2.042,2.248,0.282
7/2/2019,1.85,1.81,1.92,2.351,1.75,1.897,2.029,0.306
7/3/2019,1.728,1.7,1.71,2.015,1.6,1.678,1.843,0.748
7/8/2019,1.666,1.62,1.468,1.831,1.51,1.672,1.802,0.494
7/9/2019,2.05,1.99,2.006,2.656,1.93,2.086,2.359,0.335
7/10/2019,1.825,1.87,1.744,2.611,1.95,2,2.128,0.746
7/11/2019,2.217,2.15,2.16,2.904,2.25,2.431,2.54,0.805
7/12/2019,2.304,2.28,2.29,2.86,2.17,2.709,2.928,1.651
7/15/2019,2.222,2.25,2.18,2.802,2.12,2.593,2.993,1.228
7/16/2019,2.23,2.22,2.29,2.89,2.01,2.7,2.949,0.495
7/17/2019,2.081,2.04,2.129,2.696,1.89,2.41,2.798,0.647
7/18/2019,2.126,2.1,2.125,2.686,1.94,2.42,2.66,0.315
7/19/2019,2.161,2.15,2.157,2.674,2,2.334,2.578,0.329
7/22/2019,2.056,2.01,2.073,2.52,1.8,1.98,2.153,0.297
7/23/2019,2.316,2.3,2.297,2.855,2.2,3.217,3.589,0.719
7/24/2019,2.244,2.23,2.24,2.828,2.26,3.226,3.49,0.791
7/25/2019,2.224,2.178,2.185,2.789,2.49,3.363,3.521,0.458
7/26/2019,2.1,2.096,2.123,2.73,2.36,3.22,3.567,0.321
7/29/2019,2.085,2,2.007,2.615,1.91,2.66,3,0.416
7/30/2019,2.05,2.02,2.05,2.69,1.88,2.7,3.078,0.593
7/31/2019,2.043,2.055,2.089,2.681,1.8,2.563,3.003,0.932
8/1/2019,2.08,2.001,2.043,2.728,1.81,2.555,2.9,0.859
8/2/2019,2.053,1.98,2.055,2.648,1.9,2.45,3.02,0.995
8/5/2019,1.835,1.82,1.85,2.479,1.68,2.246,2.957,0.942
8/6/2019,1.873,1.85,1.85,2.527,1.95,2.825,3.1,0.959
8/7/2019,1.97,1.95,1.875,2.564,1.91,3.038,3.203,1.1
8/8/2019,1.96,1.87,1.87,2.525,1.89,2.598,3.018,1.069
8/9/2019,1.871,1.82,1.8,2.467,1.75,1.85,2.67,0.756
8/12/2019,1.767,1.73,1.72,2.39,1.56,1.867,2.347,0.775
8/13/2019,1.92,1.9,1.888,2.524,1.9,2.45,2.895,0.772
8/14/2019,1.98,1.96,1.95,2.573,1.97,3.1,3.258,0.543
8/15/2019,1.97,1.93,1.923,2.578,1.935,2.863,3.168,0.486
8/16/2019,1.98,1.95,1.935,2.582,1.95,2.401,3.1,0.24
8/19/2019,1.928,1.87,1.95,2.549,1.85,1.863,2.199,0.238
8/20/2019,2.057,1.9,1.98,2.633,1.95,2.744,3,0.278
8/21/2019,1.826,1.8,1.805,2.814,1.9,2.614,2.946,0.895
8/22/2019,1.85,1.77,1.77,2.664,1.9,2.316,2.599,0.841
8/23/2019,1.84,1.797,1.79,2.603,1.85,1.993,2.322,0.402
8/26/2019,1.75,1.72,1.724,2.567,1.75,1.92,2.201,0.167
8/27/2019,2.025,2,2.007,2.682,1.91,2.291,3,0.528
8/28/2019,2.04,1.95,1.93,3.022,2.35,3.481,3.58,0.395
8/29/2019,2.03,1.99,1.967,2.994,2.3,2.95,3.4,0.167
8/30/2019,1.95,1.9,1.895,2.828,2.15,2.6,2.737,0.313
9/1/2019,NA,NA,NA,NA,NA,NA,NA,NA
9/3/2019,2.083,2.05,2,2.705,1.95,2.75,3.099,0.278
9/4/2019,1.976,1.955,1.958,2.999,2.33,3.401,4.105,0.378
9/5/2019,2.143,2.11,2.1,3.018,2.385,3.801,4.548,0.337
9/6/2019,2.307,2.266,2.266,3,2.37,2.727,4.054,0.163
9/9/2019,2.14,2.105,2.108,2.995,2.297,2.582,2.968,0.124
9/10/2019,2.3,2.25,2.23,3.15,2.15,3.089,3.485,0.228
9/11/2019,2.38,2.33,2.32,3.27,2.25,2.538,3.105,0.305
9/12/2019,2.355,2.316,2.328,3.301,2.349,2.682,3.313,0.281
9/13/2019,2.517,2.423,2.42,3.343,2.51,3.209,4.141,0.584
9/16/2019,2.26,2.33,2.28,3.219,2.325,2.463,3.185,0.309
9/17/2019,2.33,2.27,2.257,3.196,2.42,2.48,2.625,0.306
9/18/2019,2.393,2.334,2.32,3.166,2.3,2.489,3.155,0.333
9/19/2019,2.408,2.37,2.35,3.1,2.148,2.566,3.152,0.453
9/20/2019,2.353,2.3,2.253,3.035,2.01,2.386,2.825,0.311
9/23/2019,2.12,2.18,2.01,2.812,2.19,2.235,2.89,0.392
9/24/2019,2.444,2.285,2.38,3.147,1.82,2.743,4.165,0.621
9/25/2019,2.446,2.35,2.35,3.173,1.946,3.1,3.967,0.639
9/26/2019,2.44,2.4,2.35,3.016,1.953,2.733,3.705,0.649
9/27/2019,2.235,2.22,2.207,3.028,1.82,2.47,3.145,0.847
9/30/2019,2.416,2.423,2.628,2.949,1.557,2.28,2.961,0.598
10/1/2019,2.266,2.3,2.846,2.978,1.618,2.336,3.15,0.211
10/2/2019,2.307,2.3,2.676,3.053,1.9,2.295,3.292,0.447
10/3/2019,2.412,2.28,3.13,3.078,1.687,2.314,3.269,0.305
10/4/2019,2.202,2.18,3.5,2.992,1.634,2.312,3.34,0.383
10/7/2019,2.227,2.23,2.926,3.027,1.6,2.304,3.232,0.279
10/8/2019,2.676,2.75,4.069,3.146,1.578,2.838,3.948,0.634
10/9/2019,3.032,3.201,6.128,3.29,1.45,3.291,3.871,1.027
10/10/2019,2.475,2.45,4.005,3.241,1.378,2.13,3.512,0.3
10/11/2019,2.294,2.21,4.285,3.193,1,2.185,3.9,0.324
10/14/2019,1.75,1.8,3.85,3.122,0.463,2.209,3.85,0.4
10/15/2019,1.824,1.758,3.81,2.948,1.509,2.38,4.029,1.116
10/16/2019,1.882,1.88,3.93,2.61,1.64,3.047,3.612,1.294
10/17/2019,2.15,2.05,3.95,2.61,1.46,2.788,3.275,1.32
10/18/2019,2.15,1.97,3.62,3.163,1.14,2.409,3.023,0.227
10/21/2019,1.827,1.82,3.39,3.15,1.14,2.297,3.667,0.727
10/22/2019,2.247,2.24,2.315,3.09,1.79,2.934,3.86,0.292
10/23/2019,2.258,2.29,2.35,3.206,1.5,2.398,3.5,0.114
10/24/2019,2.23,2.23,2.3,3.158,1.33,2.447,3.413,0.246
10/25/2019,2.21,2.22,2.28,3.183,1.27,2.457,3.17,0.181
10/28/2019,2.245,2.2,2.21,3.142,1.06,2.282,2.878,0.168
10/29/2019,2.636,2.613,3.953,3.216,2.49,2.606,3.45,0.173
10/30/2019,3.145,3.115,4.25,3.373,2.85,3.047,3.653,0.246
10/31/2019,3.22,3.185,4.005,3.399,2.73,3.264,3.7,0.086
11/1/2019,2.788,2.8,3.489,3.286,2.22,2.781,3.625,0.778
11/4/2019,2.56,2.55,4.004,3.271,1.85,2.286,3.2,0.422
11/5/2019,2.743,2.75,4.253,3.353,2.25,2.977,3.85,0.903
11/6/2019,2.796,2.76,3.981,3.446,2.55,2.988,4.3,0.825
11/7/2019,2.768,2.78,3.685,3.432,2.72,2.904,3.434,0.843
11/8/2019,2.663,2.65,3.442,3.327,2.6,2.7,3.548,0.904
11/12/2019,2.577,2.564,3.35,3.252,2.31,2.617,3.712,0.83
11/13/2019,2.5,2.5,3.511,3.138,2.4,2.789,4.164,1.913
11/14/2019,2.435,2.42,3.624,3.086,2.39,2.666,4.249,1.87
11/15/2019,2.407,2.3,2.715,3.094,2.28,2.444,4.257,2.037
11/18/2019,2.396,2.4,2.9,3.06,2.08,2.281,3.871,1.956
11/19/2019,2.584,2.598,3.269,3.19,2.2,2.817,5.1,2.066
11/20/2019,2.61,2.615,3.737,3.124,2.23,2.757,5.323,2.09
11/21/2019,3.132,3.19,4.481,3.319,2.26,3.333,5.851,2.146
11/22/2019,3.45,3.7,5.001,3.73,2.52,4.052,6.482,2.22
11/25/2019,3.407,3.55,6.024,3.927,2.32,3.929,6.8,2.266
11/26/2019,3.25,3.5,5.915,3.68,2.45,3.57,6.75,1.729
11/27/2019,3.386,3.365,5.286,3.479,2.3,3.06,6.05,1.484
12/2/2019,3.5,3.515,4.667,3.643,2.5,3.668,5.791,1.761
12/3/2019,2.98,2.62,2.63,3.122,2.45,2.989,5.18,1.386
12/4/2019,2.74,2.77,2.742,3.258,2.47,2.987,5.3,1.537
12/5/2019,2.74,2.68,2.83,3.288,2.27,2.716,5.1,1.713
12/6/2019,2.7,2.67,2.82,3.289,2.42,2.867,5.25,1.502
12/9/2019,2.7,2.7,2.977,3.306,2.4,2.729,4.276,1.259
12/10/2019,2.594,2.57,2.533,3.218,2.48,2.706,5.15,1.517
12/11/2019,2.626,2.55,2.574,3.331,2.5,2.745,5.11,1.527
12/12/2019,2.589,2.58,2.612,3.204,2.49,2.722,5.13,1.398
12/13/2019,2.525,2.56,3.036,3.138,2.35,2.599,4.94,1.54
12/16/2019,2.57,2.59,3.222,3.168,2.35,2.571,4.96,1.705
12/17/2019,3.206,3.18,3.85,3.386,2.9,3.548,5.75,1.818
12/18/2019,3.603,3.65,3.55,3.647,2.93,4.498,5.625,1.776
12/19/2019,3.413,3.3,3.457,3.488,2.9,4.2,5.411,1.762
12/20/2019,3.039,3.05,3.02,3.398,2.8,3.47,5.4,1.609
12/23/2019,3.205,3.2,3.353,3.491,2.5,3.308,6.507,1.741
12/24/2019,3.098,3.05,3.484,3.502,2.2,3.197,5.62,1.556
12/26/2019,2.944,2.99,3.25,3.392,2.15,3.211,5.594,1.604
12/27/2019,3.117,3.01,3.228,3.458,2.2,3.298,5.82,1.631
12/30/2019,3.108,3.1,3.08,3.488,2.8,3.376,5.956,1.52
12/31/2019,2.995,3.05,3.026,3.545,2.63,3.498,6.008,1.509
1/2/2020,2.468,2.45,2.5,3.213,2.25,2.777,6.059,1.449
1/3/2020,2.111,2.1,2.08,3.027,1.8,2.349,5.488,1.592
1/6/2020,2.208,2.192,2.18,3.091,1.75,2.236,5.508,1.687
1/7/2020,2.481,2.5,2.521,3.264,1.9,2.664,5.639,1.871
1/8/2020,2.703,2.665,2.7,3.28,1.85,2.615,5.199,1.944
1/9/2020,2.755,2.764,3.46,3.319,1.9,2.63,4.758,1.889
1/10/2020,2.517,2.6,3.69,3.317,2,2.741,5.025,1.768
1/13/2020,2.616,2.635,3.73,3.306,1.99,2.586,5.322,2.029
1/14/2020,2.702,2.67,2.722,3.157,2.01,2.737,4.988,2.142
1/15/2020,2.709,2.738,2.76,3.147,1.83,2.899,4.704,2.065
1/16/2020,2.307,2.32,2.306,3.13,1.85,2.44,4.46,1.926
1/17/2020,2.135,2.1,2.166,2.868,2.2,2.23,4.093,1.904
1/21/2020,2.004,1.98,1.97,2.768,1.85,2.266,3.772,1.669
1/22/2020,1.856,1.9,1.761,2.707,1.75,2.11,3.622,1.399
1/23/2020,1.9,1.855,1.815,2.748,1.74,2.129,3.38,1.342
1/24/2020,1.84,1.85,1.771,2.711,1.73,1.975,2.867,1.414
1/27/2020,1.751,1.71,1.708,2.597,1.6,1.802,2.623,1.391
1/28/2020,1.781,1.73,1.65,2.645,1.6,1.868,3.12,1.406
1/29/2020,1.763,1.75,1.73,2.595,1.55,1.78,3,1.293
1/30/2020,1.79,1.76,1.768,2.621,1.7,1.961,3.1,1.215
1/31/2020,1.775,1.73,1.753,2.61,1.65,1.937,3.287,1.424
2/3/2020,1.766,1.74,1.76,2.6,1.5,1.771,3.205,1.382
2/4/2020,1.894,1.85,1.866,2.69,1.75,2.273,3.3,1.39
2/5/2020,1.91,1.86,1.844,2.73,1.83,2.328,2.939,1.266
2/6/2020,1.85,1.77,1.781,2.676,1.72,2.359,2.756,1.456
2/7/2020,1.772,1.69,1.664,2.63,1.61,1.847,2.765,1.307
2/10/2020,1.749,1.73,1.685,2.632,1.62,1.822,2.75,1.369
2/11/2020,1.756,1.64,1.65,2.64,1.65,1.734,2.484,1.143
2/12/2020,1.73,1.645,1.58,2.633,1.65,1.942,2.33,1.377
2/13/2020,1.778,1.685,1.599,2.671,1.75,1.941,2.348,1.21
2/14/2020,1.759,1.681,1.521,2.67,1.65,1.894,2.353,1.011
2/18/2020,1.693,1.613,1.553,2.63,1.57,1.747,2.26,1.095
2/19/2020,1.87,1.86,1.846,2.698,1.73,1.843,2.398,1.449
2/20/2020,1.858,1.84,1.817,2.678,1.72,1.866,2.45,1.363
2/21/2020,1.832,1.8,1.772,2.667,1.67,1.905,2.259,1.356
2/24/2020,1.79,1.72,1.687,2.62,1.63,1.895,2.158,1.352
2/25/2020,1.754,1.7,1.67,2.609,1.6,1.728,2.122,1.293
2/26/2020,1.778,1.706,1.66,2.627,1.62,1.77,2.09,1.451
2/27/2020,1.802,1.72,1.673,2.643,1.66,1.82,2.21,1.445
2/28/2020,1.711,1.65,1.609,2.554,1.51,1.661,2.12,1.36
3/1/2020,NA,NA,NA,NA,NA,NA,NA,NA
3/2/2020,1.562,1.53,1.523,2.507,1.42,1.506,1.883,1.23
3/3/2020,1.512,1.45,1.491,2.494,1.4,1.446,1.878,1.345
3/4/2020,1.428,1.4,1.423,2.678,1.41,1.477,1.982,1.318
3/5/2020,1.433,1.45,1.483,2.681,1.45,1.539,2.059,1.33
3/6/2020,1.55,1.55,1.553,2.639,1.43,1.609,2.1,1.411
3/9/2020,1.545,1.5,1.555,2.644,1.3,1.473,1.903,1.398
3/10/2020,1.594,1.58,1.612,2.625,1.2,1.596,2.09,1.313
3/11/2020,1.745,1.84,1.859,2.616,1.42,1.896,2.25,1.325
3/12/2020,2.005,2,2.198,2.844,1.43,1.938,2.4,1.237
3/13/2020,1.875,1.76,2.11,2.75,1.32,1.689,2.35,1.212
3/16/2020,1.865,1.89,2.326,2.751,1.55,1.877,2.35,1.625
3/17/2020,1.909,2.02,2.081,2.808,1.57,2.06,2.607,1.466
3/18/2020,2.002,2.021,1.939,2.84,1.65,2.087,2.5,1.37
3/19/2020,1.556,1.54,1.569,2.796,1.51,1.638,2.074,1.433
3/20/2020,1.719,1.6,1.568,2.605,1.52,1.646,2.13,1.285
3/23/2020,1.512,1.53,1.511,2.426,1.4,1.571,2.029,1.144
3/24/2020,1.45,1.44,1.48,2.314,1.32,1.547,2.009,1.134
3/25/2020,1.495,1.48,1.472,2.454,1.47,1.576,1.986,1.253
3/26/2020,1.52,1.5,1.511,2.387,1.4,1.545,1.92,1.308
3/27/2020,1.412,1.38,1.396,2.253,1.22,1.383,1.798,1.324
3/30/2020,1.291,1.28,1.315,2.127,1.1,1.256,1.58,1.038
3/31/2020,1.326,1.344,1.358,2.141,1.12,1.247,1.647,1.177
4/1/2020,1.417,1.425,1.529,2.229,0.95,1.429,1.483,1.208
4/2/2020,1.45,1.46,1.525,2.269,1.18,1.317,1.53,1.39
4/3/2020,1.449,1.43,1.824,2.266,1.15,1.255,1.457,1.397
4/6/2020,1.354,1.35,1.658,2.177,1.11,1.204,1.4,1.306
4/7/2020,1.518,1.49,1.54,2.418,1.31,1.415,1.848,0.992
4/8/2020,1.6,1.56,1.596,2.509,1.44,1.673,2.102,1.399
4/9/2020,1.551,1.54,1.55,2.442,1.45,1.606,1.993,1.411
4/10/2020,1.5,1.51,1.596,2.336,1.35,1.46,1.61,1.458
4/13/2020,1.5,1.51,1.596,2.336,1.35,1.46,1.61,1.458
4/14/2020,1.565,1.54,1.58,2.382,1.49,1.627,1.82,1.297
4/15/2020,1.5,1.45,1.47,2.325,1.38,1.402,1.537,1.38
4/16/2020,1.498,1.44,1.458,2.356,1.29,1.299,1.505,1.252
4/17/2020,1.368,1.35,1.397,2.205,1.2,1.292,1.57,1.294
4/20/2020,1.415,1.42,1.468,2.232,1.16,1.222,1.455,1.352
4/21/2020,1.416,1.4,1.455,2.283,1.21,1.227,1.55,1.335
4/22/2020,1.547,1.53,1.616,2.364,1.22,1.413,1.61,1.395
4/23/2020,1.53,1.51,1.59,2.291,1.3,1.471,1.695,1.484
4/24/2020,1.55,1.55,1.64,2.343,1.32,1.54,1.8,1.405
4/27/2020,1.548,1.55,1.621,2.388,1.15,1.431,1.521,1.502
4/28/2020,1.51,1.47,1.54,2.339,1.32,1.422,1.75,1.396
4/29/2020,1.675,1.63,1.64,2.522,1.58,1.6,1.87,1.507
4/30/2020,1.57,1.54,1.56,2.384,1.46,1.488,1.88,1.468
5/1/2020,1.58,1.55,1.57,2.469,1.5,1.574,1.63,1.342
5/4/2020,1.48,1.48,1.503,2.346,1.48,1.48,1.45,1.321
5/5/2020,1.66,1.66,1.668,2.543,1.66,1.734,1.979,1.523
5/6/2020,1.83,1.82,1.856,2.949,1.945,1.973,2.23,1.437
5/7/2020,1.779,1.772,1.79,2.856,1.88,1.915,2.295,1.636
5/8/2020,1.7,1.68,1.677,2.743,1.75,1.782,2.2,1.614
5/11/2020,1.61,1.61,1.647,2.598,1.63,1.625,1.881,1.418
5/12/2020,1.64,1.6,1.595,2.614,1.64,1.759,1.98,1.51
5/13/2020,1.55,1.53,1.537,2.603,1.62,1.68,1.84,1.363
5/14/2020,1.465,1.46,1.47,2.502,1.51,1.547,1.723,1.373
5/15/2020,1.43,1.42,1.418,2.438,1.46,1.482,1.641,1.339
5/18/2020,1.463,1.461,1.48,2.424,1.45,1.495,1.713,1.37
5/19/2020,1.585,1.57,1.58,2.565,1.54,1.59,1.8,1.464
5/20/2020,1.68,1.63,1.64,2.607,1.73,1.78,1.99,1.541
5/21/2020,1.663,1.628,1.632,2.64,1.7,1.712,1.877,1.521
5/22/2020,1.52,1.5,1.515,2.468,1.58,1.58,1.69,1.426
5/26/2020,1.479,1.45,1.473,2.393,1.53,1.589,1.734,1.316
5/27/2020,1.65,1.615,1.615,2.604,1.7,1.779,2.3,1.42
5/28/2020,1.64,1.62,1.624,2.608,1.69,1.809,2.275,1.357
5/29/2020,1.6,1.57,1.58,2.51,1.63,1.679,2.189,1.229
6/1/2020,1.55,1.47,1.473,2.421,1.54,1.594,1.806,1.307
6/2/2020,1.484,1.47,1.474,2.466,1.55,1.655,2.108,1.399
6/3/2020,1.572,1.53,1.533,2.586,1.62,1.882,2.439,1.265
6/4/2020,1.704,1.68,1.673,2.649,1.75,1.991,2.53,1.583
6/5/2020,1.636,1.58,1.57,2.563,1.64,1.752,2.06,1.528
6/8/2020,1.552,1.53,1.46,2.469,1.52,1.557,2.047,1.478
6/9/2020,1.494,1.48,1.49,2.476,1.5,1.62,2.146,1.266
6/10/2020,1.526,1.48,1.49,2.475,1.56,1.674,2.162,1.452
6/11/2020,1.529,1.52,1.52,2.549,1.63,1.748,2.235,1.378
6/12/2020,1.538,1.5,1.508,2.514,1.55,1.655,2.05,1.327
6/15/2020,1.469,1.43,1.45,2.392,1.45,1.511,1.738,1.391
6/16/2020,1.463,1.41,1.39,2.411,1.45,1.527,1.9,1.16
6/17/2020,1.313,1.28,1.3,2.282,1.35,1.472,1.87,1.215
6/18/2020,1.379,1.348,1.5,2.281,1.38,1.535,1.73,0.996
6/19/2020,1.422,1.37,1.383,2.238,1.4,1.565,1.683,1.324
6/22/2020,1.42,1.38,1.381,2.242,1.37,1.416,1.57,1.331
6/23/2020,1.582,1.55,1.551,2.479,1.6,1.707,2.124,1.357
6/24/2020,1.537,1.48,1.468,2.382,1.5,1.687,1.977,1.238
6/25/2020,1.529,1.51,1.5,2.357,1.5,1.692,1.85,1.415
6/26/2020,1.467,1.43,1.435,2.24,1.48,1.678,1.72,1.347
6/29/2020,1.356,1.295,1.315,2.098,1.33,1.413,1.537,1.254
6/30/2020,1.479,1.44,1.44,2.185,1.43,1.59,1.8,1.155
7/1/2020,1.433,1.4,1.41,2.2,1.42,1.44,1.65,1.14
7/2/2020,1.344,1.3,1.27,2.151,1.29,1.28,1.541,1.01
7/6/2020,1.299,1.28,1.281,2.014,1.27,1.301,1.355,1.257
7/7/2020,1.525,1.53,1.5,2.37,1.56,1.649,1.803,1.494
7/8/2020,1.621,1.6,1.601,2.618,1.64,1.777,1.936,1.377
7/9/2020,1.644,1.62,1.633,2.635,1.66,1.716,2.013,1.484
7/10/2020,1.648,1.63,1.635,2.681,1.7,1.765,2.25,1.548
7/13/2020,1.619,1.6,1.57,2.709,1.63,1.676,2.161,1.442
7/14/2020,1.643,1.61,1.59,2.687,1.63,1.93,2.309,1.539
7/15/2020,1.582,1.6,1.6,2.59,1.63,1.829,1.976,1.513
7/16/2020,1.605,1.575,1.57,2.411,1.56,1.729,1.92,1.478
7/17/2020,1.631,1.6,1.596,2.486,1.61,1.806,1.96,1.538
7/20/2020,1.585,1.551,1.558,2.416,1.54,1.729,1.833,1.451
7/21/2020,1.554,1.519,1.52,2.405,1.58,1.659,1.895,1.126
7/22/2020,1.55,1.522,1.523,2.391,1.51,1.532,1.89,1.483
7/23/2020,1.532,1.495,1.478,2.387,1.47,1.49,1.744,1.511
7/24/2020,1.537,1.5,1.475,2.366,1.47,1.519,1.669,1.452
7/27/2020,1.589,1.581,1.557,2.41,1.51,1.561,1.681,1.426
7/28/2020,1.68,1.644,1.629,2.579,1.64,1.787,2.35,1.394
7/29/2020,1.757,1.722,1.707,2.578,1.67,2.624,2.57,1.465
7/30/2020,1.758,1.724,1.7,2.584,1.66,2.203,2.592,1.571
7/31/2020,1.785,1.73,1.69,2.591,1.6,2.113,2.606,1.558
8/3/2020,1.687,1.642,1.747,2.542,1.33,1.925,2.26,1.56
8/4/2020,1.783,1.747,1.87,2.6,1.76,2.071,2.2,1.637
8/5/2020,1.85,1.79,1.767,2.686,1.83,2.012,2.15,1.358
8/6/2020,1.87,1.84,1.858,2.699,1.77,2.12,2.184,1.702
8/7/2020,1.855,1.805,1.85,2.723,1.77,1.884,1.99,1.734
8/10/2020,1.775,1.75,1.81,2.601,1.7,1.785,1.921,1.593
8/11/2020,1.894,1.838,1.814,2.725,1.93,2.186,2.455,1.702
8/12/2020,1.991,1.933,1.913,2.8,1.96,2.426,2.613,1.679
8/13/2020,1.98,1.93,1.9,2.854,1.92,2.478,3.014,1.604
8/14/2020,2.18,2.125,2.1,2.977,2.03,3.351,4.26,1.823
8/17/2020,2.474,2.398,2.368,3.317,2.08,3.806,6.35,1.879
8/18/2020,2.761,2.542,2.388,3.527,2.33,8.274,13.341,1.977
8/19/2020,2.393,2.34,2.289,3.41,2.3,4.493,6.513,2.073
8/20/2020,2.396,2.37,2.274,3.306,2.35,3.055,6.145,1.871
8/21/2020,2.37,2.254,2.19,3.245,2.2,3.844,5.101,1.616
8/24/2020,2.244,2.14,2.11,3.201,2.22,2.55,4.091,1.848
8/25/2020,2.513,2.44,2.3,3.452,2.5,3.085,4.35,1.849
8/26/2020,2.525,2.458,2.32,3.495,2.56,3.484,4.852,1.873
8/27/2020,2.485,2.393,2.37,3.494,2.49,4.339,4.591,2.055
8/28/2020,2.37,2.31,2.295,3.563,2.45,2.981,4.052,2.089
8/31/2020,2.33,2.24,2.24,3.541,2.28,2.751,3.787,2.095
9/1/2020,2.351,2.268,2.237,3.524,2.13,2.645,3.173,2.039
9/2/2020,2.223,2.21,2.22,3.636,2.1,2.647,2.851,2.089
9/3/2020,2.411,2.37,2.338,3.593,2.25,2.923,3.17,1.884
9/4/2020,2.518,2.46,2.4,3.619,2.4,4.278,5.01,2.125
9/8/2020,2.42,2.285,2.291,3.669,2.01,6.219,7.97,2.127
9/9/2020,2.189,2.1,2.07,3.56,1.95,2.471,3.232,1.93
9/10/2020,1.981,1.9,2.03,3.542,1.8,2.25,3.122,1.771
9/11/2020,1.862,1.85,1.86,3.464,1.82,1.983,2.261,1.788
9/14/2020,1.76,1.71,1.67,3.274,1.65,1.717,1.869,1.59
9/15/2020,2.232,2.2,2.183,3.435,1.92,2.541,2.65,1.872
9/16/2020,2.28,2.2,2.129,3.399,1.93,2.372,2.569,1.924
9/17/2020,2.51,2.36,2.3,3.425,2.06,2.383,2.8,1.854
9/18/2020,2.12,2.165,2.072,3.309,1.7,2.334,2.529,1.529
9/21/2020,1.856,2.05,2,3.298,1.38,1.839,2.235,1.337
9/22/2020,2.25,2.2,2.18,3.504,1.6,2.44,2.51,1.324
9/23/2020,2.197,2.21,2.2,3.639,1.55,1.64,3,1.416
9/24/2020,2.376,2.38,2.35,3.754,1.8,2.507,2.88,1.658
9/25/2020,2.449,2.44,2.833,3.94,1.83,2.663,2.9,1.64
9/28/2020,2.24,2.21,2.837,3.991,1.58,2.175,3.05,1.645
9/29/2020,2.31,2.4,2.709,4,1.3,2.758,3.6,1.451
9/30/2020,2.8,2.75,3.05,3.874,1.28,1.4,5.329,1.127
10/1/2020,2.356,2.3,2.333,3.819,1.32,2.468,4.212,1.345
10/2/2020,2.108,2.067,2.08,3.632,1.32,1.838,3.481,1.166
10/5/2020,1.023,1.073,1.53,3.554,1.05,1.539,2.271,0.599
10/6/2020,1.918,1.85,4.556,3.934,1.75,1.979,4.064,0.379
10/7/2020,1.835,1.81,5.042,4.002,1.95,3.04,4.235,0.41
10/8/2020,1.541,1.55,4.55,3.973,1.85,2.292,2.92,0.934
10/9/2020,1.223,1.25,2.366,3.864,1.18,1.438,2.382,1.023
10/12/2020,1.462,1.4,2.4,3.865,1.2,1.493,1.899,1.084
10/13/2020,1.906,1.87,2.45,4.206,1.75,2.333,5.55,1.119
10/14/2020,2.043,1.69,2.268,4.133,1.85,2.328,5.7,1.653
10/15/2020,2.201,2.23,2.15,4.102,2.21,2.752,4.5,1.889
10/16/2020,2.418,2.212,2.26,4.195,2.24,3.124,4.709,1.943
10/19/2020,2.198,2.16,2.669,4.021,2.05,2.624,3.83,2.055
10/20/2020,2.383,2.34,2.78,4.101,2.23,2.886,3.494,2.355
10/21/2020,2.688,2.66,3.884,4.222,2.61,3.511,4.679,2.088
10/22/2020,2.751,2.74,5.103,4.24,2.69,3.188,4.38,2.274
10/23/2020,3.009,2.953,4.3,4.179,2.6,3.462,4.054,2.384
10/26/2020,3.111,3.125,4.655,4.11,2.82,3.095,3.416,2.329
10/27/2020,3.473,3.47,3.85,4.085,3.12,3.596,4.641,2.435
10/28/2020,3.693,3.7,3.784,4.078,3.38,3.669,4.4,2.409
10/29/2020,3.341,3.3,3.51,4.11,3.03,3.351,3.65,2.362
10/30/2020,3.2,3.16,3.57,4.076,2.74,3.093,3.61,2.305
11/2/2020,3.046,3.05,3.25,3.87,2.45,2.992,3.468,2.497
11/3/2020,3.243,3.15,3.362,4.062,2.88,3.52,5.102,2.192
11/4/2020,3.267,3.25,2.415,4.114,2.79,4.334,5.86,2.215
11/5/2020,3.242,3.15,3.065,4.037,2.05,4.108,5.769,2.061
11/6/2020,3.126,3.037,2.4,4.023,2.28,2.75,4.5,2.238
11/9/2020,3.017,3.025,3.022,3.857,2,2.514,4.797,1.967
11/10/2020,3.305,3.3,3.158,3.951,2.45,3.103,4.23,1.855
11/11/2020,3.4,3.55,3.25,3.914,3.95,3.187,4.354,1.947
11/12/2020,3.353,3.35,3.58,3.887,2.71,3.581,4.286,1.954
11/13/2020,3.049,3.04,2.825,3.879,2.7,3.265,4.187,2.192
11/16/2020,3.208,3.2,3.207,3.908,2.6,2.899,3.492,2.06
11/17/2020,2.85,2.95,3.479,3.758,2.4,2.805,3.842,1.786
11/18/2020,2.847,2.86,3.574,3.662,2.173,2.632,4,1.921
11/19/2020,2.95,2.9,3.23,3.714,1.95,2.889,3.963,1.706
11/20/2020,3.05,3.13,3.156,3.59,1.9,2.584,3.775,1.836
11/23/2020,2.921,3.02,3.25,3.655,1.95,2.317,3.43,1.961
11/24/2020,3.227,3.21,3.317,3.697,2.28,3.146,3.973,1.986
11/25/2020,3.277,3.2,3.137,3.715,2.3,3.116,3.82,2.048
11/30/2020,3.158,2.98,3.023,3.708,2.28,2.59,3.587,2.055
12/1/2020,3.272,3.25,3.22,3.79,2.95,4.157,4.74,2.153
12/2/2020,3.148,3.12,3.13,3.648,2.78,3.746,4.757,2.002
12/3/2020,3.335,3.3,3.214,3.704,2.8,3.875,4.882,1.902
12/4/2020,3.3,3.32,3.27,3.485,2.5,4.327,5.07,1.811
12/7/2020,3.178,3.15,3.11,3.453,2.32,3.231,4.371,1.683
12/8/2020,2.97,2.935,2.926,3.397,2.23,3.397,4.18,1.778
